"id_paper","cites_value"
1,"192"
1,"210"
1,"214"
1,"248065"
1,"28922"
4,"246416"
4,"561"
5,"519"
6,"28983"
6,"61"
6,"763"
6,"740"
6,"4"
7,"604"
7,"171812"
7,"6"
7,"28983"
8,"167"
9,"159"
9,"29112"
9,"213"
9,"6"
9,"822"
10,"248409"
10,"244856"
10,"244819"
11,"244942"
11,"246323"
11,"580"
12,"246416"
12,"39"
12,"740"
12,"237"
12,"14"
13,"248306"
13,"248334"
13,"678"
13,"246882"
14,"50"
14,"156"
15,"14"
15,"740"
15,"9"
16,"829"
16,"171899"
17,"171849"
17,"171883"
17,"224"
18,"717"
19,"402"
19,"29027"
19,"527"
20,"245193"
20,"570"
20,"18"
20,"731"
21,"249"
21,"29096"
21,"248434"
21,"584"
21,"527"
22,"706"
23,"517"
23,"245224"
24,"28965"
24,"28954"
24,"29075"
25,"401"
25,"785"
25,"246741"
25,"217"
26,"76"
26,"247347"
26,"253"
26,"248462"
27,"404"
28,"245908"
28,"171841"
28,"171864"
29,"171870"
30,"248763"
31,"114"
31,"29009"
31,"110"
31,"248403"
32,"193"
32,"171878"
32,"16"
32,"171828"
32,"5"
33,"245542"
33,"247511"
33,"171892"
34,"213"
34,"6"
34,"246416"
34,"87"
35,"215"
35,"210"
35,"245908"
35,"247207"
35,"171897"
36,"8"
37,"171860"
37,"248763"
37,"63"
37,"727"
37,"248065"
38,"246193"
38,"535"
38,"404"
38,"248202"
39,"28983"
39,"171843"
39,"775"
39,"568"
40,"171824"
40,"248004"
40,"171808"
40,"171820"
41,"120"
41,"221"
41,"245304"
41,"246781"
41,"663"
42,"243"
42,"246782"
42,"244892"
42,"246870"
42,"406"
43,"255"
43,"245088"
43,"246499"
43,"171892"
43,"559"
44,"29069"
45,"28981"
45,"7"
45,"752"
45,"604"
46,"603"
46,"216"
47,"727"
47,"57"
48,"244750"
48,"248650"
48,"400"
48,"762"
49,"248162"
49,"376"
49,"615"
50,"156"
51,"244829"
51,"624"
52,"245369"
52,"247984"
52,"406"
52,"246359"
53,"29046"
53,"171898"
53,"121"
53,"557"
53,"226"
54,"667"
54,"680"
55,"247298"
56,"29005"
56,"29044"
56,"29064"
57,"63"
57,"248748"
57,"29000"
57,"47"
57,"569"
58,"171821"
59,"756"
59,"344"
60,"205"
60,"28934"
60,"245651"
61,"246491"
61,"193"
61,"234"
61,"45"
61,"4"
62,"646"
62,"247112"
62,"492"
62,"246092"
63,"94"
64,"245908"
64,"245519"
65,"71"
65,"28997"
65,"28959"
65,"28937"
66,"245058"
66,"63"
66,"127"
66,"732"
66,"248194"
67,"248615"
67,"28962"
67,"731"
67,"584"
68,"583"
68,"248474"
68,"528"
69,"246354"
69,"171889"
70,"245732"
70,"248703"
70,"29114"
71,"29093"
71,"93"
71,"147"
72,"246380"
72,"245429"
72,"28970"
73,"616"
73,"245549"
73,"770"
73,"29076"
73,"29095"
74,"572"
74,"52"
74,"738"
75,"360"
75,"762"
75,"246328"
75,"246193"
75,"245706"
76,"210"
77,"390"
77,"247593"
77,"412"
77,"459"
78,"344"
78,"216"
79,"827"
79,"29046"
79,"28916"
79,"28994"
79,"348"
80,"552"
81,"246413"
81,"246949"
81,"210"
82,"552"
82,"29025"
82,"424"
82,"614"
83,"99"
83,"215"
83,"248462"
83,"247493"
84,"583"
84,"248442"
84,"441"
85,"171874"
85,"20"
85,"696"
85,"245160"
86,"29000"
86,"102"
86,"171869"
87,"28981"
88,"247510"
88,"81"
88,"106"
89,"29072"
90,"245908"
90,"118"
90,"171897"
90,"171860"
90,"247344"
91,"247837"
91,"152"
91,"28980"
91,"29051"
91,"247205"
92,"29002"
92,"29023"
93,"28988"
93,"171809"
94,"171830"
94,"110"
94,"88"
94,"29081"
94,"171808"
95,"519"
95,"224"
95,"171828"
95,"568"
95,"604"
96,"28936"
96,"29033"
96,"29019"
96,"245448"
96,"29050"
97,"730"
98,"244741"
99,"40"
99,"35"
99,"246071"
99,"208"
99,"248004"
100,"559"
100,"628"
101,"567"
102,"244945"
103,"246819"
104,"75"
104,"287"
104,"324"
104,"246343"
105,"247584"
105,"171834"
106,"186"
107,"248500"
108,"248448"
108,"245916"
108,"29069"
108,"171884"
108,"245806"
109,"171802"
109,"491"
109,"731"
109,"245651"
109,"227"
110,"779"
110,"208"
111,"387"
111,"246507"
111,"246379"
112,"512"
112,"28930"
112,"29059"
112,"410"
112,"564"
113,"246899"
113,"599"
113,"421"
113,"247953"
113,"248677"
114,"171838"
114,"119"
114,"464"
114,"35"
114,"247976"
115,"63"
116,"244821"
116,"248760"
117,"356"
118,"29081"
119,"246936"
119,"171821"
119,"247837"
120,"247976"
120,"166"
121,"247243"
121,"557"
122,"247190"
122,"120"
122,"485"
123,"255"
123,"820"
123,"248624"
123,"245674"
123,"197"
124,"552"
124,"761"
124,"138"
124,"82"
124,"614"
125,"751"
125,"391"
125,"761"
126,"184"
126,"100"
127,"569"
128,"245517"
129,"245431"
130,"568"
130,"15"
131,"248345"
131,"171866"
131,"611"
131,"248434"
131,"735"
132,"246582"
132,"246237"
133,"171804"
133,"30"
133,"232"
133,"214"
133,"245959"
134,"403"
134,"171899"
135,"313"
135,"248165"
136,"221"
136,"196"
136,"171863"
137,"171832"
137,"246949"
138,"82"
138,"494"
138,"321"
139,"245858"
139,"154"
140,"248587"
140,"246234"
140,"29107"
140,"245970"
141,"246036"
141,"579"
141,"657"
141,"286"
142,"245445"
142,"594"
142,"246024"
142,"29055"
142,"516"
143,"246269"
143,"663"
144,"171863"
144,"247296"
144,"58"
144,"247493"
145,"28924"
145,"247099"
145,"471"
145,"246154"
146,"247941"
146,"247142"
146,"247956"
146,"116"
146,"248513"
147,"28936"
148,"246874"
149,"247319"
149,"245974"
149,"245638"
149,"245727"
150,"248621"
150,"776"
151,"165"
151,"171852"
151,"244810"
151,"29063"
152,"246071"
153,"20"
154,"247347"
154,"245908"
155,"248291"
155,"248455"
155,"245975"
155,"28999"
156,"519"
157,"248748"
157,"210"
157,"171900"
157,"246947"
157,"163"
158,"245527"
158,"246413"
158,"144"
159,"171828"
159,"8"
159,"171827"
159,"14"
159,"171812"
160,"358"
160,"439"
160,"282"
161,"287"
161,"245706"
162,"29107"
162,"247857"
163,"247856"
163,"246781"
164,"74"
164,"248442"
164,"246440"
164,"247408"
165,"154"
165,"171882"
165,"132"
165,"649"
165,"137"
166,"171869"
167,"752"
167,"423"
167,"171828"
168,"244925"
168,"246371"
168,"245513"
168,"28968"
168,"247347"
169,"150"
169,"247369"
169,"468"
169,"453"
169,"385"
170,"246502"
171,"246524"
172,"1"
172,"247209"
172,"246949"
172,"246071"
173,"246482"
173,"640"
173,"343"
174,"701"
174,"642"
174,"735"
174,"491"
175,"109"
176,"171808"
177,"105"
177,"244953"
178,"489"
179,"245275"
179,"246428"
179,"248583"
179,"553"
179,"247614"
180,"248624"
180,"246499"
180,"246144"
181,"263"
181,"517"
182,"572"
182,"248474"
182,"299"
183,"621"
183,"248194"
183,"171832"
183,"248403"
184,"255"
185,"238"
185,"248535"
185,"434"
186,"252"
186,"171868"
187,"693"
187,"217"
187,"530"
187,"246399"
187,"248385"
188,"248160"
189,"655"
189,"29053"
190,"245425"
190,"246699"
190,"247184"
191,"601"
191,"280"
191,"245968"
191,"247272"
191,"245295"
192,"247296"
192,"246071"
192,"231"
192,"244925"
192,"171852"
193,"95"
193,"12"
193,"130"
193,"403"
193,"224"
194,"247241"
194,"739"
194,"269"
195,"816"
195,"247584"
195,"245369"
196,"248147"
196,"244954"
196,"246625"
197,"245133"
198,"171873"
198,"247983"
198,"247743"
199,"246042"
200,"170"
200,"244834"
201,"127"
201,"246947"
202,"171819"
203,"740"
203,"604"
204,"244892"
204,"492"
204,"694"
205,"60"
205,"656"
205,"54"
205,"316"
206,"28972"
206,"222"
206,"247959"
206,"189"
207,"247367"
207,"247468"
207,"184"
208,"246601"
208,"171864"
209,"248004"
210,"247906"
210,"245384"
211,"245393"
211,"245240"
212,"327"
212,"575"
212,"248240"
213,"403"
214,"247205"
214,"133"
214,"144"
214,"94"
214,"171848"
215,"247347"
215,"29051"
215,"209"
216,"615"
216,"339"
216,"248162"
217,"401"
217,"412"
217,"337"
217,"247486"
218,"171875"
218,"247089"
218,"171879"
219,"247290"
219,"331"
219,"246113"
219,"248035"
220,"28978"
220,"247981"
220,"246708"
220,"443"
220,"248162"
221,"245513"
221,"330"
221,"152"
222,"300"
222,"28916"
222,"251"
222,"246111"
223,"245054"
224,"829"
225,"47"
225,"245858"
225,"221"
226,"245984"
226,"547"
226,"594"
227,"29035"
227,"174"
227,"246231"
228,"254"
228,"248287"
228,"295"
229,"248610"
229,"244883"
230,"531"
230,"776"
230,"246890"
231,"246298"
231,"245959"
231,"31"
231,"727"
231,"28"
232,"163"
233,"427"
233,"386"
233,"554"
234,"171843"
234,"604"
234,"423"
235,"29059"
235,"142"
235,"247223"
236,"60"
236,"248345"
237,"6"
238,"761"
238,"413"
238,"552"
238,"125"
238,"82"
239,"37"
239,"86"
239,"137"
239,"248500"
240,"24"
240,"28939"
240,"29054"
240,"28973"
241,"202"
241,"245033"
242,"97"
243,"150"
243,"393"
244,"485"
245,"247628"
246,"247014"
246,"676"
246,"596"
246,"246870"
246,"246890"
247,"127"
247,"247207"
247,"91"
248,"247139"
249,"378"
249,"620"
249,"245253"
250,"246822"
251,"235"
251,"246804"
251,"29058"
252,"154"
252,"171881"
252,"245551"
253,"247139"
253,"768"
253,"171813"
253,"589"
253,"246071"
254,"245263"
254,"248606"
254,"247265"
254,"246011"
254,"245559"
255,"171844"
255,"246499"
256,"468"
256,"198"
256,"286"
257,"28924"
257,"245399"
258,"690"
258,"247979"
258,"246533"
259,"247614"
260,"414"
260,"161"
260,"247802"
260,"422"
261,"527"
261,"316"
262,"28957"
262,"28994"
263,"765"
264,"161"
264,"340"
265,"399"
265,"258"
265,"276"
265,"360"
266,"514"
266,"244997"
266,"317"
266,"248049"
267,"530"
268,"404"
268,"248385"
268,"246843"
268,"507"
269,"517"
269,"342"
270,"338"
270,"632"
270,"247358"
271,"245240"
271,"247494"
271,"248153"
272,"752"
272,"294"
273,"447"
273,"566"
273,"245054"
273,"247802"
273,"248250"
274,"313"
274,"615"
274,"481"
275,"248391"
275,"113"
275,"171853"
275,"284"
276,"317"
276,"412"
276,"451"
276,"247878"
277,"369"
277,"245134"
277,"247358"
278,"28919"
278,"240"
279,"191"
279,"742"
279,"244811"
280,"244723"
280,"632"
281,"245806"
282,"246399"
282,"665"
283,"247909"
284,"531"
284,"246008"
284,"550"
284,"425"
284,"246596"
285,"247398"
285,"248175"
285,"247409"
285,"441"
285,"247743"
286,"248384"
286,"247409"
286,"113"
287,"248385"
287,"246665"
287,"706"
287,"309"
287,"245886"
288,"245252"
288,"247623"
288,"247440"
289,"245134"
290,"317"
291,"247750"
291,"29017"
292,"297"
293,"247298"
293,"526"
293,"715"
293,"246084"
294,"17"
295,"644"
295,"246143"
296,"721"
296,"245706"
296,"311"
297,"245812"
298,"244939"
298,"710"
298,"246858"
298,"245314"
299,"293"
300,"348"
300,"29079"
300,"29016"
300,"28991"
301,"171823"
301,"304"
302,"415"
302,"247068"
303,"246941"
303,"248705"
303,"247904"
303,"191"
303,"279"
304,"247993"
304,"503"
305,"130"
305,"246416"
306,"245919"
306,"246302"
307,"557"
307,"189"
308,"249"
308,"522"
308,"731"
309,"246328"
309,"376"
309,"733"
309,"245611"
310,"247605"
310,"407"
310,"247926"
310,"454"
311,"514"
312,"246986"
312,"245824"
313,"352"
313,"247805"
313,"246533"
314,"448"
314,"245651"
314,"654"
314,"28962"
314,"543"
315,"247250"
315,"246473"
315,"290"
315,"161"
315,"248768"
316,"620"
316,"527"
316,"54"
317,"508"
318,"354"
318,"248068"
318,"690"
318,"245367"
319,"247857"
319,"29048"
319,"576"
319,"171810"
320,"737"
320,"246113"
321,"185"
321,"248535"
321,"138"
321,"125"
322,"546"
322,"246547"
322,"442"
322,"523"
322,"558"
323,"247358"
323,"247494"
323,"248251"
323,"246467"
324,"245252"
324,"459"
325,"465"
326,"171876"
326,"247503"
326,"590"
326,"246328"
327,"248477"
328,"28963"
328,"368"
328,"512"
328,"248607"
329,"731"
329,"245193"
329,"696"
329,"701"
329,"29035"
330,"246335"
330,"192"
331,"248749"
331,"244885"
331,"246993"
331,"248673"
331,"245653"
332,"385"
332,"248156"
332,"492"
332,"246870"
333,"247628"
333,"246616"
333,"245402"
334,"246552"
334,"339"
334,"247241"
334,"247144"
334,"415"
335,"673"
335,"490"
335,"245715"
335,"248721"
336,"233"
336,"246092"
337,"781"
338,"248153"
339,"247503"
339,"318"
339,"660"
339,"344"
339,"247993"
340,"276"
340,"503"
340,"442"
340,"263"
340,"496"
341,"248029"
342,"318"
343,"246614"
343,"444"
343,"310"
343,"302"
343,"445"
344,"535"
344,"508"
344,"245186"
344,"75"
344,"247261"
345,"376"
345,"496"
345,"706"
345,"187"
346,"397"
346,"821"
346,"355"
346,"246721"
347,"67"
348,"364"
348,"28961"
348,"29014"
348,"29041"
349,"602"
349,"216"
350,"246614"
350,"247225"
350,"273"
351,"246486"
351,"29035"
351,"731"
351,"648"
352,"672"
352,"345"
352,"292"
353,"245622"
353,"245067"
354,"245722"
354,"75"
354,"304"
355,"529"
355,"248228"
356,"733"
356,"245773"
356,"581"
357,"248583"
357,"248084"
357,"246049"
358,"400"
358,"371"
358,"247543"
358,"248352"
358,"245400"
359,"541"
359,"46"
359,"265"
360,"739"
360,"246843"
360,"514"
360,"247068"
361,"171829"
361,"28994"
362,"245525"
362,"247112"
362,"498"
363,"256"
363,"478"
363,"588"
364,"28994"
364,"247223"
365,"245886"
365,"546"
365,"246042"
366,"359"
366,"246665"
366,"301"
366,"38"
366,"548"
367,"246480"
367,"244723"
367,"244786"
368,"247020"
368,"28994"
369,"246616"
369,"247358"
370,"247405"
370,"247152"
371,"762"
372,"247234"
372,"764"
372,"246509"
373,"247909"
373,"246899"
373,"246354"
373,"150"
374,"293"
375,"246480"
375,"601"
375,"244931"
375,"490"
376,"339"
376,"437"
377,"609"
377,"451"
378,"735"
378,"60"
378,"153"
378,"236"
379,"141"
379,"477"
379,"233"
379,"528"
380,"762"
380,"48"
380,"276"
381,"248084"
382,"11"
382,"245747"
382,"246993"
382,"248069"
382,"247714"
383,"394"
384,"248049"
384,"247503"
384,"248202"
384,"313"
384,"377"
385,"246359"
385,"242"
385,"245200"
385,"247997"
385,"786"
386,"520"
387,"245532"
387,"246847"
387,"13"
387,"248308"
388,"216"
388,"592"
388,"342"
389,"356"
389,"246649"
389,"199"
390,"245186"
390,"360"
390,"756"
390,"247593"
391,"751"
391,"413"
392,"246343"
392,"315"
392,"247926"
392,"245812"
393,"406"
393,"246359"
393,"776"
393,"492"
393,"409"
394,"613"
394,"701"
394,"777"
394,"236"
394,"642"
395,"247261"
395,"693"
395,"247241"
395,"247979"
396,"248070"
396,"697"
397,"511"
397,"760"
397,"636"
397,"369"
397,"248251"
398,"248385"
398,"438"
399,"246533"
399,"376"
399,"765"
399,"344"
399,"422"
400,"503"
400,"392"
400,"246665"
401,"264"
401,"354"
401,"500"
401,"443"
402,"245253"
402,"648"
403,"32"
403,"29060"
403,"28998"
403,"193"
403,"7"
404,"556"
404,"407"
404,"465"
404,"59"
404,"292"
405,"246242"
405,"817"
405,"247376"
405,"319"
406,"416"
406,"738"
406,"248474"
406,"171834"
407,"693"
407,"247685"
407,"481"
408,"747"
408,"374"
408,"248070"
408,"284"
409,"425"
409,"170"
409,"246899"
410,"28930"
410,"245445"
410,"171829"
410,"29079"
411,"313"
411,"422"
411,"567"
411,"322"
411,"581"
412,"602"
412,"247748"
412,"343"
413,"434"
413,"619"
413,"751"
413,"125"
413,"138"
414,"245400"
414,"246185"
414,"389"
415,"247261"
415,"567"
415,"248576"
416,"178"
416,"52"
416,"284"
417,"247068"
417,"246181"
418,"376"
418,"750"
418,"247593"
419,"244932"
419,"171819"
419,"515"
420,"579"
420,"246257"
421,"712"
421,"204"
421,"169"
421,"468"
422,"246042"
422,"326"
422,"598"
423,"752"
423,"159"
423,"95"
423,"635"
424,"391"
425,"256"
425,"363"
425,"528"
425,"178"
426,"510"
426,"339"
427,"441"
427,"583"
428,"781"
428,"510"
429,"245404"
429,"245159"
429,"576"
429,"247977"
429,"247306"
430,"551"
430,"511"
430,"673"
430,"746"
431,"557"
432,"25"
432,"356"
433,"247440"
433,"324"
433,"247926"
433,"246482"
434,"185"
435,"247659"
436,"588"
436,"542"
437,"245886"
437,"187"
437,"248650"
438,"101"
439,"247926"
439,"356"
439,"247144"
440,"730"
440,"591"
441,"171889"
441,"698"
441,"452"
441,"284"
442,"318"
442,"652"
442,"25"
442,"603"
442,"248335"
444,"245812"
445,"247981"
445,"245186"
446,"246203"
446,"245921"
446,"171855"
446,"725"
447,"248518"
447,"248165"
447,"273"
447,"171861"
448,"248434"
448,"613"
448,"248615"
449,"246502"
449,"62"
450,"248721"
450,"245102"
450,"248551"
450,"248251"
451,"376"
451,"260"
452,"244981"
452,"697"
452,"572"
452,"247019"
452,"406"
453,"336"
454,"500"
455,"245984"
455,"364"
455,"262"
455,"29082"
455,"28957"
456,"746"
456,"767"
456,"247373"
456,"247215"
457,"245111"
457,"78"
457,"247241"
458,"246092"
458,"248070"
458,"396"
458,"246890"
459,"246103"
460,"296"
460,"246185"
460,"248518"
461,"198"
461,"246743"
463,"135"
464,"621"
465,"460"
465,"781"
465,"247440"
465,"245224"
465,"508"
466,"308"
466,"245160"
466,"28962"
467,"244763"
467,"247288"
467,"245606"
468,"247369"
468,"230"
468,"421"
468,"729"
468,"52"
469,"377"
469,"246374"
470,"245525"
470,"489"
470,"520"
470,"246440"
470,"480"
471,"246205"
471,"244909"
471,"246630"
471,"140"
471,"753"
472,"620"
472,"570"
473,"245403"
473,"524"
473,"247337"
474,"246509"
474,"247234"
474,"245078"
474,"601"
474,"244791"
475,"247904"
475,"247975"
476,"234"
476,"423"
476,"159"
476,"7"
477,"596"
477,"480"
477,"247421"
477,"774"
477,"246890"
478,"248093"
478,"248677"
479,"477"
479,"461"
479,"171873"
480,"766"
480,"247408"
480,"62"
480,"588"
480,"42"
481,"246482"
482,"399"
482,"510"
482,"366"
482,"248049"
482,"258"
483,"697"
483,"246215"
483,"246870"
483,"332"
484,"245684"
484,"245393"
484,"248705"
484,"244946"
484,"247669"
485,"171880"
485,"158"
485,"171832"
485,"110"
486,"399"
487,"696"
487,"378"
487,"245160"
487,"593"
488,"412"
488,"693"
489,"246899"
489,"42"
489,"248175"
489,"246502"
489,"588"
490,"246549"
490,"248029"
491,"236"
492,"607"
492,"449"
492,"246890"
492,"247019"
492,"248406"
493,"245651"
494,"248535"
494,"552"
495,"249"
496,"247979"
496,"247503"
496,"247748"
496,"248352"
496,"248544"
497,"247056"
497,"244946"
497,"247628"
498,"461"
498,"502"
498,"246587"
498,"332"
498,"588"
499,"346"
499,"244786"
499,"244791"
499,"244729"
499,"673"
500,"447"
500,"451"
500,"665"
500,"28978"
500,"356"
501,"248704"
502,"247308"
503,"265"
503,"247605"
503,"444"
503,"245722"
503,"247241"
504,"245508"
504,"565"
504,"346"
504,"246734"
505,"418"
505,"718"
506,"247959"
506,"29082"
506,"29109"
506,"557"
507,"217"
507,"371"
507,"247503"
508,"309"
508,"705"
509,"28961"
509,"300"
509,"655"
509,"28994"
509,"246804"
510,"171876"
510,"245054"
510,"247878"
510,"313"
511,"248705"
511,"245481"
511,"473"
511,"248251"
512,"720"
512,"827"
512,"247218"
512,"142"
513,"246338"
513,"248721"
513,"673"
514,"354"
515,"245275"
515,"245880"
515,"244855"
516,"247020"
517,"245111"
517,"404"
518,"244849"
519,"724"
519,"666"
519,"237"
520,"246440"
520,"700"
521,"246986"
522,"29104"
522,"642"
522,"174"
522,"248549"
523,"187"
523,"245793"
524,"758"
524,"246734"
524,"245393"
524,"565"
524,"246710"
525,"177"
525,"242"
525,"248093"
525,"171834"
525,"246755"
526,"774"
526,"244834"
526,"246502"
526,"786"
527,"245160"
527,"248345"
527,"648"
527,"536"
527,"308"
528,"630"
528,"697"
529,"245677"
529,"664"
529,"245728"
530,"411"
530,"287"
530,"566"
530,"603"
530,"309"
531,"62"
531,"246359"
531,"246440"
531,"617"
531,"246257"
532,"248210"
533,"246691"
533,"245993"
534,"159"
534,"29112"
534,"248209"
534,"635"
534,"156"
535,"247440"
535,"602"
535,"245793"
535,"246614"
536,"680"
537,"247783"
538,"177"
538,"572"
538,"55"
539,"474"
539,"430"
539,"346"
540,"21"
540,"236"
540,"171866"
540,"667"
541,"326"
541,"38"
541,"412"
541,"296"
542,"244981"
542,"68"
542,"246743"
542,"525"
543,"109"
543,"466"
543,"227"
543,"60"
543,"633"
544,"248225"
544,"245390"
545,"248124"
546,"532"
546,"245499"
547,"112"
547,"29003"
547,"431"
547,"29103"
548,"245773"
549,"521"
549,"246165"
549,"245035"
549,"245634"
550,"420"
551,"689"
551,"245622"
551,"736"
552,"124"
552,"238"
552,"494"
553,"246428"
553,"650"
554,"449"
554,"52"
554,"248175"
554,"757"
555,"247775"
555,"28938"
555,"29038"
555,"28987"
556,"541"
556,"454"
556,"247250"
557,"29079"
557,"564"
558,"282"
558,"469"
558,"681"
559,"171892"
559,"560"
560,"184"
560,"799"
560,"245133"
561,"17"
561,"4"
561,"15"
561,"294"
561,"272"
562,"582"
562,"247421"
562,"105"
562,"386"
563,"248628"
563,"171884"
564,"171898"
565,"759"
566,"75"
566,"706"
567,"247605"
567,"248116"
567,"274"
567,"248162"
567,"469"
568,"34"
568,"635"
568,"29117"
568,"87"
568,"171885"
569,"64"
569,"171838"
569,"653"
569,"629"
569,"58"
570,"543"
571,"234"
571,"237"
571,"519"
572,"449"
572,"492"
572,"468"
572,"246870"
573,"246366"
574,"140"
575,"382"
575,"248579"
576,"248587"
577,"719"
577,"242"
577,"452"
577,"246782"
578,"28970"
579,"441"
579,"62"
579,"562"
579,"246215"
580,"246203"
580,"247067"
580,"248613"
581,"248210"
581,"640"
581,"733"
582,"583"
582,"245200"
582,"275"
583,"171834"
583,"171807"
583,"694"
584,"85"
585,"247926"
585,"260"
585,"247046"
586,"169"
586,"582"
586,"245369"
586,"246502"
587,"248322"
587,"29028"
587,"248455"
588,"458"
588,"171853"
588,"286"
589,"171869"
589,"94"
589,"35"
589,"172"
590,"173"
591,"639"
591,"246904"
591,"245663"
591,"738"
592,"627"
592,"706"
592,"350"
592,"469"
592,"49"
593,"245160"
593,"402"
593,"245174"
594,"247223"
595,"247926"
595,"247802"
595,"339"
596,"248442"
596,"449"
597,"248514"
597,"641"
598,"439"
598,"739"
598,"672"
599,"247112"
600,"709"
600,"28927"
600,"246381"
601,"247272"
601,"246430"
601,"245380"
602,"247623"
602,"245636"
602,"690"
602,"292"
603,"273"
603,"317"
604,"29112"
604,"519"
604,"29060"
604,"234"
605,"245799"
606,"40"
606,"589"
606,"245527"
606,"201"
606,"248403"
607,"248175"
607,"247983"
607,"246215"
607,"245525"
608,"246015"
608,"245345"
608,"247168"
608,"245123"
609,"457"
609,"422"
609,"247241"
609,"530"
609,"428"
610,"695"
610,"245307"
611,"19"
612,"590"
612,"246533"
612,"245722"
612,"690"
612,"388"
613,"717"
614,"391"
614,"552"
614,"494"
614,"248535"
615,"417"
615,"465"
615,"248165"
615,"245438"
615,"339"
616,"247099"
617,"247159"
618,"578"
618,"245524"
619,"391"
619,"238"
620,"245675"
620,"131"
620,"613"
620,"171802"
621,"246298"
621,"91"
621,"244810"
621,"171900"
622,"171"
622,"248741"
622,"246423"
622,"247490"
623,"246377"
623,"246770"
623,"229"
624,"376"
624,"248208"
625,"247659"
625,"171891"
625,"246379"
625,"784"
625,"245727"
626,"247511"
626,"255"
626,"245542"
627,"246741"
627,"247926"
627,"265"
628,"245088"
628,"171803"
628,"197"
628,"246144"
629,"247906"
629,"31"
630,"97"
630,"285"
631,"219"
631,"246131"
632,"244729"
632,"551"
632,"245481"
632,"246837"
632,"245990"
633,"714"
633,"735"
633,"248615"
633,"777"
634,"246278"
634,"245970"
634,"248703"
634,"246474"
634,"248439"
635,"519"
635,"28981"
635,"171812"
635,"604"
636,"247164"
636,"246837"
636,"760"
636,"769"
637,"246231"
637,"247242"
638,"245234"
638,"248761"
638,"247524"
638,"248581"
639,"245369"
639,"246899"
639,"84"
640,"171876"
641,"28920"
641,"563"
641,"770"
642,"735"
642,"680"
643,"693"
643,"246328"
643,"825"
644,"250"
644,"244804"
645,"247398"
645,"200"
646,"97"
646,"247584"
648,"540"
649,"244925"
649,"246936"
649,"734"
649,"47"
649,"225"
650,"247836"
650,"246130"
650,"515"
650,"247142"
650,"553"
651,"246102"
651,"605"
652,"199"
652,"246632"
652,"246649"
652,"465"
652,"246563"
653,"246237"
653,"248147"
653,"171852"
653,"139"
653,"171850"
654,"29104"
655,"594"
656,"351"
656,"667"
657,"195"
657,"246359"
658,"165"
658,"57"
658,"29000"
658,"245513"
658,"171836"
659,"171834"
660,"787"
660,"246649"
660,"245773"
661,"248741"
661,"246056"
662,"693"
662,"384"
662,"25"
662,"248768"
663,"247906"
664,"246994"
664,"289"
664,"473"
665,"247623"
665,"248049"
665,"247605"
665,"267"
665,"415"
666,"14"
666,"234"
666,"6"
666,"724"
666,"763"
667,"593"
667,"153"
668,"247516"
668,"145"
669,"246616"
669,"758"
669,"490"
670,"270"
670,"246093"
670,"279"
671,"248642"
672,"274"
672,"27"
672,"246103"
672,"245611"
672,"28978"
673,"306"
674,"666"
674,"822"
674,"171828"
674,"61"
675,"29070"
675,"248028"
675,"248322"
676,"588"
676,"639"
677,"389"
678,"244804"
679,"245224"
680,"245253"
680,"246231"
680,"18"
680,"54"
680,"248434"
681,"541"
681,"247543"
681,"296"
682,"28987"
682,"29008"
682,"246324"
683,"557"
683,"29058"
683,"29082"
683,"248700"
683,"171829"
684,"28978"
684,"556"
684,"288"
684,"48"
685,"405"
685,"28976"
685,"573"
685,"29032"
686,"279"
686,"246616"
686,"245295"
686,"247358"
687,"576"
688,"764"
688,"484"
688,"341"
688,"246734"
688,"247471"
689,"245622"
689,"245393"
690,"248208"
690,"245252"
690,"459"
690,"117"
691,"650"
691,"245345"
691,"245123"
691,"245723"
692,"247517"
692,"247243"
692,"509"
693,"248250"
694,"470"
695,"44"
695,"28993"
695,"29048"
696,"29035"
696,"593"
696,"28934"
697,"246596"
697,"178"
697,"244892"
697,"396"
697,"502"
698,"453"
699,"159"
699,"36"
699,"34"
699,"519"
700,"284"
700,"774"
701,"731"
701,"402"
702,"246990"
703,"246215"
703,"204"
703,"248621"
703,"728"
703,"42"
704,"29022"
704,"29052"
705,"245756"
705,"627"
705,"248335"
706,"248335"
706,"117"
706,"247685"
707,"289"
708,"248069"
708,"245398"
708,"247779"
708,"246896"
709,"245524"
709,"246086"
709,"246856"
709,"471"
709,"685"
710,"475"
710,"821"
710,"303"
710,"244741"
710,"289"
711,"171817"
711,"246687"
711,"246912"
711,"353"
711,"245715"
712,"783"
712,"730"
712,"246782"
712,"607"
713,"245384"
713,"248476"
713,"171870"
713,"171850"
713,"171838"
714,"171874"
714,"347"
714,"28962"
715,"246590"
715,"248406"
716,"245793"
716,"598"
716,"376"
717,"394"
717,"20"
717,"493"
717,"247242"
717,"316"
718,"135"
718,"392"
718,"269"
719,"245369"
719,"528"
719,"336"
719,"293"
719,"572"
720,"189"
720,"28930"
720,"29088"
721,"337"
721,"380"
722,"29030"
722,"248229"
722,"29080"
722,"73"
722,"245159"
723,"248761"
723,"171839"
723,"257"
723,"245720"
723,"28918"
724,"50"
724,"171812"
724,"246723"
725,"248334"
726,"287"
726,"324"
726,"465"
726,"104"
727,"76"
727,"99"
727,"171848"
728,"630"
729,"374"
729,"247298"
729,"246440"
730,"583"
731,"29104"
732,"246269"
732,"244810"
732,"171868"
733,"245111"
733,"342"
734,"171813"
735,"611"
735,"613"
736,"244741"
737,"246259"
738,"200"
738,"588"
738,"283"
738,"544"
738,"247103"
739,"548"
739,"317"
739,"75"
740,"272"
740,"674"
740,"822"
740,"95"
740,"39"
741,"777"
742,"565"
743,"248334"
743,"248426"
744,"561"
744,"87"
744,"29060"
744,"12"
745,"503"
745,"787"
745,"517"
745,"246552"
746,"248551"
747,"645"
747,"248621"
747,"697"
748,"246657"
748,"246824"
749,"518"
749,"245012"
750,"376"
750,"77"
750,"309"
751,"125"
751,"185"
751,"761"
751,"614"
751,"238"
752,"6"
752,"724"
752,"193"
752,"674"
753,"281"
753,"29032"
753,"245799"
753,"245305"
753,"247857"
754,"245784"
754,"209"
754,"29051"
755,"305"
755,"699"
755,"171849"
756,"245438"
756,"326"
756,"269"
756,"438"
757,"531"
757,"244737"
757,"182"
757,"284"
758,"821"
758,"333"
758,"247542"
759,"450"
759,"211"
759,"475"
759,"524"
760,"244946"
760,"245508"
760,"246734"
761,"391"
761,"185"
762,"454"
762,"171861"
762,"246482"
762,"437"
763,"203"
763,"28998"
763,"61"
763,"16"
764,"245892"
764,"248228"
765,"246649"
765,"247926"
766,"247159"
766,"572"
766,"230"
766,"246215"
766,"520"
767,"769"
767,"247272"
767,"246734"
767,"247590"
768,"30"
768,"29089"
768,"63"
768,"210"
768,"246950"
769,"244729"
769,"247121"
769,"601"
769,"248591"
770,"246154"
770,"248581"
770,"246678"
770,"709"
770,"248751"
771,"329"
771,"637"
771,"495"
771,"248549"
772,"117"
772,"46"
773,"145"
774,"477"
775,"12"
776,"246359"
776,"374"
777,"402"
777,"246231"
777,"205"
777,"247420"
778,"29118"
779,"248462"
779,"247837"
779,"171816"
780,"190"
780,"246819"
780,"246121"
781,"25"
781,"603"
781,"247147"
781,"247747"
781,"609"
782,"29068"
782,"248761"
782,"162"
783,"246044"
783,"243"
783,"105"
784,"246415"
784,"631"
784,"245001"
784,"248075"
785,"443"
785,"246547"
785,"398"
785,"247605"
785,"245722"
786,"247409"
787,"247926"
799,"33"
799,"184"
799,"255"
799,"247367"
799,"171837"
816,"332"
816,"728"
816,"396"
817,"29099"
819,"28969"
819,"112"
820,"799"
820,"171892"
821,"742"
821,"246467"
821,"279"
821,"246616"
821,"244939"
822,"775"
823,"246283"
823,"111"
823,"247227"
823,"244856"
823,"245346"
825,"432"
826,"737"
827,"29020"
827,"29003"
827,"28931"
827,"29092"
827,"247223"
829,"763"
829,"7"
829,"635"
830,"130"
831,"327"
831,"245044"
831,"246677"
831,"246676"
831,"246711"
28916,"28972"
28917,"29040"
28917,"29055"
28917,"594"
28918,"623"
28918,"246205"
28918,"171884"
28919,"28941"
28919,"147"
28919,"28990"
28919,"29093"
28920,"247458"
28921,"247832"
28921,"616"
28921,"246630"
28921,"770"
28922,"132"
28922,"29063"
28922,"569"
28922,"81"
28922,"171864"
28923,"29075"
28923,"29110"
28923,"28965"
28923,"29054"
28923,"247775"
28924,"574"
28925,"24"
28925,"29090"
28926,"29092"
28926,"246111"
28926,"246273"
28927,"29017"
28927,"247474"
28927,"29004"
28927,"246234"
28928,"240"
28928,"29062"
28928,"29031"
28929,"246842"
28930,"247020"
28930,"29016"
28930,"827"
28930,"29002"
28930,"246804"
28931,"206"
28931,"246804"
28931,"328"
28931,"28994"
28932,"29100"
28933,"29006"
28933,"29022"
28933,"29015"
28934,"491"
28934,"493"
28934,"308"
28934,"701"
28935,"29079"
28936,"171809"
28937,"28919"
28937,"28988"
28937,"29091"
28938,"147"
28938,"28948"
28939,"29075"
28940,"145"
28940,"29045"
28940,"623"
28941,"28986"
28941,"240"
28942,"29050"
28942,"29042"
28943,"29106"
28943,"28944"
28944,"28923"
28944,"71"
28944,"147"
28944,"29012"
28945,"28976"
28946,"28986"
28946,"24"
28946,"28936"
28946,"28984"
28946,"29001"
28947,"28925"
28947,"28971"
28947,"29015"
28947,"28949"
28948,"93"
28948,"29118"
28948,"29078"
28949,"29054"
28949,"28990"
28949,"29115"
28950,"246657"
28950,"247474"
28951,"29047"
28951,"29084"
28951,"28932"
28951,"24"
28952,"247153"
28952,"29034"
28953,"29026"
28953,"28919"
28953,"29074"
28953,"29110"
28954,"28965"
28954,"29031"
28954,"29106"
28954,"28943"
28955,"29042"
28955,"29006"
28955,"29071"
28955,"28947"
28956,"29094"
28957,"29079"
28958,"29047"
28958,"28984"
28958,"29008"
28958,"29033"
28958,"28923"
28959,"28925"
28959,"71"
28960,"245222"
28960,"245524"
28960,"247750"
28960,"248439"
28961,"121"
28961,"235"
28961,"248700"
28961,"247223"
28961,"410"
28962,"245160"
28962,"245675"
28962,"714"
28963,"29088"
28963,"245831"
28963,"29003"
28964,"29038"
28964,"93"
28964,"171809"
28965,"29078"
28965,"29115"
28965,"246925"
28966,"248642"
28967,"28943"
28968,"171836"
28968,"171832"
28968,"31"
28969,"655"
28970,"248761"
28970,"429"
28970,"753"
28970,"246474"
28971,"29074"
28972,"410"
28972,"328"
28973,"29078"
28974,"168"
28974,"163"
28974,"246740"
28974,"248462"
28974,"133"
28975,"574"
28975,"248229"
28976,"246644"
28977,"248642"
28977,"651"
28977,"618"
28977,"248703"
28978,"414"
28978,"59"
28978,"662"
28978,"787"
28978,"530"
28979,"246724"
28979,"247099"
28980,"244"
28980,"29"
28981,"213"
28981,"130"
28981,"561"
28981,"4"
28981,"246723"
28982,"247142"
28982,"244932"
28982,"247783"
28982,"248601"
28982,"248364"
28983,"476"
28983,"156"
28984,"28928"
28984,"246324"
28984,"29031"
28985,"248028"
28986,"29019"
28986,"29118"
28986,"29033"
28986,"29086"
28987,"29022"
28988,"28942"
28988,"29005"
28988,"28939"
28989,"29076"
28989,"248028"
28990,"28952"
28991,"594"
28991,"189"
28992,"245774"
28992,"108"
28992,"246299"
28992,"257"
28992,"248217"
28993,"247866"
28993,"245234"
28994,"246388"
28994,"29082"
28994,"29046"
28994,"247243"
28995,"29097"
28995,"29026"
28995,"247534"
28996,"147"
28997,"245119"
28997,"71"
28997,"246842"
28997,"29091"
28997,"28941"
28998,"39"
28998,"604"
28998,"14"
28998,"724"
28998,"403"
28999,"244950"
28999,"610"
28999,"574"
28999,"72"
28999,"245128"
29000,"29067"
29000,"247510"
29000,"196"
29001,"29033"
29001,"29083"
29002,"247881"
29002,"89"
29002,"262"
29002,"29003"
29002,"171829"
29003,"692"
29003,"29053"
29004,"248581"
29004,"247379"
29005,"29106"
29005,"246324"
29005,"28987"
29005,"29042"
29006,"245448"
29007,"573"
29007,"248540"
29007,"605"
29008,"28986"
29008,"28936"
29008,"28943"
29009,"171881"
29010,"245824"
29010,"631"
29011,"247379"
29011,"108"
29011,"246114"
29012,"29093"
29012,"278"
29012,"28990"
29012,"29065"
29012,"28967"
29013,"248555"
29014,"246804"
29014,"247423"
29015,"93"
29016,"683"
29016,"248242"
29016,"29088"
29017,"29111"
29017,"246637"
29017,"247524"
29017,"248439"
29018,"71"
29018,"29022"
29019,"28925"
29019,"71"
29019,"240"
29019,"29078"
29020,"655"
29020,"247243"
29020,"222"
29021,"28917"
29022,"29008"
29022,"28943"
29022,"29039"
29023,"509"
29024,"29074"
29024,"682"
29024,"71"
29024,"29018"
29024,"29026"
29025,"424"
29025,"138"
29025,"82"
29026,"29047"
29026,"71"
29026,"29050"
29026,"29118"
29027,"236"
29027,"633"
29027,"249"
29027,"245675"
29027,"131"
29028,"618"
29028,"748"
29028,"29013"
29028,"248610"
29029,"246205"
29029,"246972"
29029,"155"
29029,"245629"
29030,"245745"
29030,"28940"
29030,"246303"
29031,"28936"
29032,"247727"
29032,"246724"
29033,"29118"
29033,"29018"
29033,"247153"
29034,"246305"
29034,"29018"
29034,"682"
29034,"28988"
29035,"29027"
29035,"29104"
29036,"248322"
29036,"247857"
29036,"246678"
29037,"248408"
29037,"245695"
29037,"248491"
29038,"28987"
29038,"29022"
29038,"28939"
29038,"171894"
29038,"244910"
29039,"28956"
29039,"29116"
29039,"24"
29039,"29118"
29040,"29055"
29040,"307"
29040,"29087"
29040,"361"
29041,"29003"
29042,"29100"
29042,"29018"
29042,"28953"
29043,"28917"
29043,"28969"
29043,"29059"
29044,"245448"
29044,"778"
29045,"782"
29045,"257"
29045,"245645"
29046,"226"
29047,"29101"
29048,"245055"
29048,"29030"
29048,"244883"
29049,"29012"
29049,"71"
29050,"28938"
29050,"29118"
29051,"247837"
29051,"171824"
29051,"244954"
29052,"28955"
29052,"24"
29052,"29012"
29052,"29110"
29053,"29043"
29053,"28969"
29054,"29001"
29054,"28965"
29054,"28959"
29054,"96"
29054,"29065"
29055,"29108"
29056,"246259"
29056,"327"
29056,"212"
29056,"171891"
29056,"244963"
29057,"29118"
29057,"171894"
29058,"328"
29058,"516"
29058,"720"
29058,"557"
29059,"655"
29059,"364"
29059,"92"
29059,"455"
29059,"28972"
29060,"134"
29060,"7"
29060,"171899"
29061,"29076"
29061,"245347"
29061,"28979"
29061,"247977"
29062,"28959"
29062,"247775"
29062,"29118"
29062,"28923"
29062,"29090"
29063,"133"
29063,"171841"
29063,"144"
29064,"28949"
29065,"29062"
29065,"278"
29065,"29106"
29065,"56"
29066,"29006"
29066,"28936"
29066,"28948"
29066,"28984"
29066,"246925"
29067,"464"
29068,"616"
29068,"245970"
29069,"770"
29069,"246234"
29070,"248291"
29070,"28945"
29070,"248628"
29071,"29038"
29071,"28943"
29071,"28919"
29071,"28954"
29071,"29054"
29072,"247243"
29072,"368"
29072,"245445"
29073,"247857"
29073,"247352"
29074,"29012"
29074,"56"
29074,"29057"
29074,"246324"
29075,"28919"
29075,"28964"
29075,"246842"
29075,"29118"
29075,"29078"
29076,"782"
29077,"28925"
29078,"28946"
29078,"29024"
29078,"29005"
29079,"29082"
29080,"245305"
29080,"29029"
29081,"246071"
29082,"29072"
29082,"246273"
29083,"29047"
29083,"29071"
29083,"29075"
29084,"28947"
29084,"28996"
29084,"29018"
29085,"455"
29085,"516"
29085,"28961"
29085,"28972"
29086,"29078"
29086,"93"
29087,"28957"
29087,"29109"
29087,"245984"
29087,"92"
29087,"509"
29088,"121"
29088,"564"
29088,"79"
29088,"189"
29088,"246804"
29089,"171868"
29090,"28919"
29090,"28943"
29090,"147"
29090,"65"
29091,"28942"
29091,"29115"
29091,"29039"
29091,"29064"
29091,"28936"
29092,"29082"
29092,"247881"
29092,"92"
29092,"655"
29093,"29019"
29094,"28988"
29095,"573"
29095,"171846"
29096,"245174"
29096,"171866"
29096,"527"
29097,"28990"
29097,"28946"
29097,"29110"
29097,"29033"
29097,"704"
29098,"245975"
29098,"773"
29098,"244906"
29098,"28921"
29099,"248448"
29099,"247382"
29099,"248628"
29100,"29094"
29100,"29077"
29101,"28946"
29101,"28958"
29101,"29057"
29101,"246842"
29102,"247306"
29102,"245399"
29102,"605"
29102,"248229"
29103,"506"
29104,"654"
29104,"153"
29104,"28962"
29104,"109"
29104,"171874"
29105,"687"
29105,"246110"
29105,"229"
29105,"248642"
29105,"29017"
29106,"29044"
29106,"28973"
29106,"29001"
29106,"28955"
29107,"145"
29107,"246424"
29107,"246381"
29107,"246953"
29107,"29070"
29108,"29043"
29108,"247243"
29109,"28969"
29109,"245831"
29109,"245509"
29109,"53"
29109,"247881"
29110,"28986"
29110,"28953"
29110,"171894"
29110,"28951"
29110,"28964"
29112,"39"
29112,"159"
29112,"294"
29112,"193"
29113,"29118"
29113,"29094"
29113,"29090"
29113,"24"
29114,"244840"
29114,"248754"
29114,"245925"
29114,"29080"
29115,"28959"
29115,"28942"
29115,"28943"
29116,"29113"
29116,"29086"
29116,"29075"
29116,"28946"
29116,"28925"
29117,"666"
29117,"36"
29117,"246416"
29118,"28956"
29118,"28997"
29118,"246324"
29119,"722"
29119,"246841"
29119,"246234"
171801,"248610"
171801,"29017"
171801,"244840"
171802,"487"
171802,"21"
171802,"741"
171803,"245153"
171803,"245674"
171803,"246144"
171803,"123"
171803,"626"
171804,"245891"
171805,"248215"
171805,"247599"
171807,"531"
171807,"200"
171808,"171816"
171809,"29050"
171809,"28942"
171809,"555"
171809,"248211"
171810,"245925"
171810,"246234"
171810,"244909"
171810,"668"
171810,"246972"
171811,"209"
171811,"86"
171811,"245908"
171811,"28968"
171812,"403"
171812,"763"
171812,"775"
171813,"246492"
171813,"246413"
171813,"245551"
171814,"247288"
171815,"248334"
171815,"248035"
171815,"245727"
171815,"246671"
171815,"661"
171816,"247837"
171816,"246078"
171817,"191"
171817,"245314"
171817,"245481"
171819,"247614"
171819,"248364"
171819,"245309"
171819,"248195"
171819,"29037"
171820,"768"
171821,"245519"
171821,"245527"
171821,"35"
171821,"151"
171823,"469"
171824,"245266"
171824,"132"
171824,"247190"
171826,"245553"
171827,"561"
171827,"87"
171827,"534"
171828,"7"
171828,"755"
171828,"171899"
171828,"32"
171829,"29003"
171829,"248700"
171829,"28931"
171830,"115"
171830,"245669"
171830,"144"
171831,"608"
171831,"202"
171831,"245074"
171832,"171840"
171833,"248416"
171833,"246847"
171833,"247339"
171833,"246951"
171833,"246618"
171834,"247953"
171834,"247909"
171836,"215"
171836,"464"
171836,"245384"
171836,"245513"
171836,"245266"
171837,"245088"
171837,"171895"
171838,"245377"
171838,"218"
171838,"246371"
171838,"158"
171838,"246413"
171839,"246234"
171840,"29051"
171841,"245654"
171841,"768"
171843,"16"
171843,"130"
171843,"171812"
171843,"61"
171843,"29117"
171844,"184"
171844,"197"
171846,"247432"
171846,"245925"
171848,"201"
171848,"171820"
171849,"248209"
171849,"674"
171849,"171899"
171849,"476"
171849,"666"
171850,"132"
171850,"90"
171850,"107"
171852,"171856"
171853,"421"
171853,"816"
171855,"245658"
171855,"246822"
171855,"248561"
171855,"248409"
171856,"81"
171856,"248500"
171856,"171900"
171856,"208"
171858,"247714"
171858,"248749"
171858,"244784"
171858,"244880"
171860,"727"
171860,"464"
171861,"705"
171861,"247926"
171861,"245756"
171861,"590"
171861,"248650"
171863,"246582"
171863,"64"
171863,"768"
171863,"252"
171863,"136"
171864,"246293"
171864,"218"
171864,"171808"
171866,"613"
171866,"487"
171866,"248345"
171866,"20"
171866,"175"
171867,"342"
171867,"447"
171867,"745"
171868,"245669"
171868,"245551"
171869,"589"
171869,"245891"
171869,"171852"
171869,"629"
171870,"196"
171873,"657"
171873,"409"
171873,"700"
171874,"19"
171874,"67"
171875,"94"
171875,"232"
171875,"26"
171876,"503"
171876,"340"
171878,"95"
171878,"14"
171878,"423"
171878,"8"
171878,"571"
171879,"57"
171879,"245519"
171879,"133"
171879,"734"
171880,"171826"
171881,"171813"
171881,"248"
171882,"732"
171882,"171900"
171882,"115"
171883,"423"
171883,"45"
171883,"32"
171883,"203"
171884,"573"
171884,"248703"
171884,"28989"
171884,"245159"
171884,"247175"
171885,"28998"
171885,"171827"
171885,"156"
171885,"29060"
171885,"171878"
171886,"242"
171889,"639"
171889,"247112"
171889,"421"
171889,"246596"
171889,"171873"
171890,"80"
171891,"246415"
171891,"244881"
171891,"246951"
171892,"33"
171892,"245088"
171892,"247468"
171894,"29049"
171895,"255"
171895,"171844"
171895,"626"
171895,"207"
171896,"246526"
171896,"103"
171897,"163"
171897,"81"
171897,"244"
171897,"171863"
171898,"112"
171898,"29103"
171898,"29021"
171898,"246804"
171899,"604"
171899,"4"
171900,"201"
171900,"734"
244721,"247590"
244721,"245215"
244721,"98"
244721,"475"
244723,"244786"
244723,"303"
244723,"289"
244729,"247272"
244729,"246943"
244729,"246858"
244729,"246338"
244729,"248153"
244737,"416"
244741,"686"
244743,"245487"
244743,"247290"
244743,"246993"
244747,"248240"
244747,"245035"
244747,"246848"
244747,"247969"
244750,"287"
244750,"248210"
244750,"705"
244758,"164"
244758,"409"
244758,"246743"
244763,"246246"
244763,"248709"
244763,"245845"
244768,"245132"
244768,"533"
244768,"245345"
244768,"245723"
244777,"246133"
244777,"247967"
244779,"245305"
244779,"245222"
244784,"247778"
244784,"246847"
244786,"246734"
244786,"248705"
244786,"636"
244786,"246338"
244788,"247242"
244788,"171866"
244788,"656"
244788,"741"
244788,"246231"
244791,"688"
244793,"246165"
244793,"11"
244793,"149"
244802,"745"
244802,"171876"
244802,"399"
244804,"245559"
244804,"831"
244804,"246988"
244810,"247976"
244810,"171856"
244810,"247856"
244810,"41"
244811,"245508"
244819,"248477"
244819,"247490"
244819,"248561"
244819,"245889"
244819,"248035"
244821,"247941"
244821,"259"
244821,"545"
244829,"199"
244829,"246473"
244834,"700"
244834,"244892"
244840,"248455"
244840,"817"
244840,"248514"
244840,"247730"
244840,"247175"
244843,"247491"
244843,"248240"
244849,"247067"
244849,"246132"
244849,"245001"
244849,"248000"
244849,"247714"
244852,"28921"
244852,"248238"
244855,"245577"
244855,"128"
244855,"247941"
244855,"248084"
244856,"247143"
244856,"246301"
244856,"245783"
244856,"247992"
244856,"245401"
244857,"247485"
244863,"247272"
244863,"277"
244863,"245102"
244863,"244931"
244880,"245086"
244880,"250"
244880,"247779"
244881,"246415"
244881,"247779"
244881,"248765"
244881,"254"
244881,"247908"
244883,"248610"
244883,"28940"
244883,"246841"
244883,"782"
244885,"644"
244885,"245889"
244892,"286"
244898,"140"
244898,"245429"
244898,"247306"
244898,"28999"
244905,"247975"
244905,"247356"
244905,"524"
244905,"277"
244906,"29076"
244906,"29029"
244909,"28975"
244909,"248028"
244910,"29100"
244910,"29062"
244910,"29006"
244910,"71"
244925,"247906"
244925,"28922"
244925,"247837"
244925,"246601"
244931,"245295"
244932,"146"
244932,"248595"
244939,"171817"
244942,"246394"
244945,"231"
244945,"663"
244945,"171836"
244945,"245858"
244945,"245654"
244946,"247462"
244946,"490"
244946,"248048"
244946,"277"
244946,"246837"
244950,"244840"
244950,"246724"
244950,"773"
244953,"248406"
244954,"330"
244954,"245551"
244963,"246565"
244972,"245245"
244972,"246143"
244972,"246179"
244972,"246017"
244972,"244880"
244981,"84"
244981,"363"
244981,"286"
244988,"246526"
244988,"190"
244988,"13"
244988,"246919"
244988,"245371"
244997,"454"
244997,"445"
244997,"199"
244997,"245438"
244997,"469"
245001,"247455"
245001,"245044"
245009,"247516"
245009,"563"
245012,"521"
245021,"244843"
245021,"248522"
245021,"631"
245028,"29060"
245028,"699"
245028,"519"
245033,"246378"
245033,"357"
245033,"248601"
245033,"244821"
245033,"247809"
245035,"171896"
245035,"247908"
245035,"247259"
245035,"678"
245035,"244777"
245044,"245485"
245044,"246524"
245045,"248029"
245045,"245102"
245046,"248520"
245046,"246693"
245046,"247431"
245046,"247455"
245046,"247622"
245054,"248335"
245054,"246547"
245055,"246102"
245055,"248229"
245055,"247679"
245058,"245513"
245058,"83"
245060,"245672"
245060,"28960"
245060,"687"
245060,"245404"
245060,"246424"
245064,"246143"
245064,"246376"
245067,"245092"
245067,"244939"
245074,"248760"
245074,"247836"
245076,"669"
245076,"473"
245078,"248251"
245078,"247500"
245078,"456"
245078,"280"
245078,"246943"
245080,"497"
245086,"246113"
245086,"247490"
245086,"29010"
245086,"247787"
245088,"246499"
245088,"626"
245092,"670"
245092,"504"
245092,"742"
245100,"247243"
245100,"246273"
245100,"206"
245102,"367"
245102,"246426"
245111,"246741"
245111,"401"
245119,"29077"
245119,"247775"
245123,"29037"
245123,"259"
245128,"245009"
245128,"245806"
245132,"248195"
245132,"245345"
245133,"245088"
245133,"126"
245134,"247904"
245134,"245752"
245153,"247367"
245157,"171814"
245157,"370"
245157,"247255"
245157,"248709"
245159,"574"
245159,"28950"
245160,"18"
245161,"743"
245161,"245322"
245172,"245824"
245172,"247143"
245172,"246783"
245174,"21"
245176,"75"
245176,"762"
245176,"260"
245176,"311"
245186,"660"
245186,"439"
245186,"765"
245192,"247485"
245192,"246729"
245192,"247599"
245193,"570"
245200,"408"
245200,"550"
245200,"583"
245214,"617"
245214,"747"
245214,"248070"
245215,"246509"
245215,"669"
245222,"578"
245222,"248757"
245224,"496"
245234,"753"
245234,"28989"
245234,"723"
245234,"246234"
245240,"673"
245240,"246941"
245245,"823"
245245,"245371"
245245,"625"
245252,"245886"
245252,"311"
245252,"296"
245252,"345"
245252,"246103"
245253,"21"
245253,"175"
245253,"714"
245253,"171802"
245253,"28934"
245256,"244"
245256,"246223"
245263,"246526"
245263,"246067"
245263,"247599"
245265,"288"
245265,"244802"
245265,"380"
245266,"176"
245266,"485"
245272,"342"
245272,"258"
245272,"356"
245272,"117"
245275,"246049"
245275,"128"
245276,"710"
245276,"245715"
245276,"244721"
245276,"664"
245278,"248266"
245278,"248491"
245278,"247170"
245278,"245993"
245280,"246986"
245292,"29069"
245295,"688"
245304,"330"
245304,"152"
245304,"734"
245304,"192"
245305,"73"
245305,"770"
245307,"155"
245307,"246299"
245307,"28950"
245309,"171831"
245309,"179"
245314,"244721"
245314,"246859"
245314,"430"
245314,"247108"
245322,"244880"
245340,"245398"
245341,"248215"
245341,"246993"
245345,"245309"
245345,"247085"
245346,"245340"
245346,"246676"
245346,"245392"
245347,"248300"
245347,"44"
245347,"248587"
245347,"248322"
245347,"245307"
245354,"247875"
245365,"248613"
245365,"246783"
245365,"245425"
245367,"585"
245367,"311"
245367,"442"
245367,"171867"
245369,"178"
245371,"246379"
245376,"28992"
245377,"171804"
245377,"171836"
245377,"196"
245377,"29067"
245377,"245256"
245379,"247455"
245380,"248018"
245380,"246200"
245381,"245161"
245381,"247485"
245384,"81"
245384,"107"
245390,"617"
245392,"247595"
245392,"246822"
245392,"245921"
245392,"247027"
245392,"247184"
245393,"764"
245395,"248454"
245397,"246919"
245397,"148"
245398,"248097"
245398,"244819"
245398,"245012"
245398,"501"
245399,"29030"
245399,"246953"
245399,"748"
245399,"248217"
245399,"246990"
245400,"418"
245400,"517"
245401,"245825"
245402,"247719"
245402,"245067"
245402,"551"
245403,"244729"
245403,"246989"
245404,"245128"
245413,"246143"
245413,"245161"
245425,"501"
245425,"248441"
245425,"247034"
245425,"248522"
245425,"247785"
245429,"247306"
245429,"245399"
245429,"702"
245429,"722"
245429,"246205"
245431,"373"
245431,"246911"
245431,"286"
245431,"204"
245431,"478"
245438,"135"
245438,"505"
245438,"399"
245438,"360"
245445,"29109"
245445,"28991"
245448,"29075"
245451,"245074"
245451,"245880"
245452,"580"
245452,"245365"
245452,"625"
245452,"248673"
245452,"247549"
245481,"246687"
245485,"246067"
245485,"245765"
245487,"244880"
245487,"244857"
245490,"247416"
245499,"643"
245508,"245728"
245508,"298"
245508,"245078"
245508,"353"
245508,"245919"
245509,"29082"
245513,"165"
245513,"245553"
245513,"247906"
245513,"28974"
245517,"247170"
245519,"171820"
245519,"28974"
245524,"246637"
245524,"140"
245525,"583"
245525,"244834"
245525,"171873"
245525,"246596"
245525,"694"
245527,"171860"
245527,"629"
245527,"137"
245527,"29067"
245527,"171824"
245532,"246988"
245532,"248051"
245532,"246838"
245532,"247491"
245542,"126"
245542,"245088"
245549,"29119"
245549,"246770"
245551,"248462"
245551,"26"
245551,"58"
245551,"154"
245551,"246211"
245553,"29"
245553,"139"
245553,"569"
245553,"245519"
245559,"29056"
245559,"246526"
245559,"245889"
245559,"246376"
245568,"246379"
245568,"248510"
245574,"247170"
245574,"247836"
245574,"248336"
245574,"245074"
245577,"202"
245577,"247809"
245577,"245517"
245598,"186"
245606,"245490"
245606,"245775"
245606,"246926"
245611,"246181"
245615,"171"
245615,"248051"
245615,"245783"
245618,"248121"
245618,"28992"
245618,"600"
245618,"245799"
245618,"245549"
245622,"246687"
245622,"247518"
245622,"372"
245629,"247306"
245629,"28918"
245629,"770"
245629,"29011"
245634,"245731"
245636,"223"
245636,"324"
245636,"247261"
245636,"643"
245636,"248544"
245638,"248773"
245638,"29056"
245638,"248409"
245638,"247455"
245638,"387"
245641,"246283"
245641,"248287"
245641,"248180"
245645,"748"
245645,"245234"
245645,"245524"
245649,"107"
245649,"171836"
245651,"29096"
245651,"60"
245651,"701"
245651,"248415"
245651,"29027"
245653,"246711"
245653,"247465"
245653,"245322"
245653,"248704"
245653,"246201"
245654,"29067"
245654,"248500"
245654,"171838"
245654,"37"
245656,"245076"
245656,"375"
245656,"551"
245656,"247108"
245658,"244777"
245663,"246257"
245663,"596"
245663,"579"
245663,"659"
245663,"247298"
245669,"244810"
245669,"171880"
245672,"29017"
245672,"28976"
245672,"244883"
245674,"245542"
245674,"197"
245675,"248549"
245675,"735"
245675,"680"
245675,"637"
245676,"248018"
245676,"248705"
245676,"247426"
245676,"338"
245677,"524"
245677,"247975"
245677,"245960"
245677,"246093"
245677,"247719"
245684,"524"
245684,"247102"
245695,"248364"
245695,"419"
245695,"248583"
245695,"244855"
245695,"116"
245706,"247993"
245706,"592"
245715,"323"
245715,"353"
245715,"245752"
245715,"673"
245715,"247426"
245718,"246193"
245718,"247144"
245720,"246358"
245720,"245774"
245720,"245009"
245722,"246482"
245722,"247981"
245722,"287"
245723,"247105"
245723,"248451"
245723,"244768"
245727,"248180"
245728,"636"
245728,"244786"
245731,"244793"
245731,"111"
245731,"245559"
245731,"246141"
245732,"28918"
245732,"245307"
245732,"29105"
245745,"248121"
245745,"247727"
245747,"247658"
245747,"247549"
245747,"247491"
245747,"247339"
245747,"247290"
245749,"248732"
245749,"247785"
245749,"248613"
245752,"248577"
245756,"706"
245756,"672"
245756,"417"
245756,"535"
245756,"246547"
245759,"248547"
245765,"248085"
245765,"246283"
245773,"558"
245773,"248250"
245774,"563"
245774,"29119"
245774,"248610"
245774,"773"
245783,"246323"
245784,"183"
245784,"29067"
245793,"352"
245793,"274"
245793,"248162"
245793,"384"
245799,"247857"
245806,"246643"
245812,"247261"
245824,"644"
245825,"246431"
245825,"246951"
245825,"246882"
245825,"246141"
245825,"246659"
245831,"512"
245833,"248547"
245845,"245978"
245845,"245606"
245845,"247416"
245858,"247139"
245858,"64"
245880,"245451"
245880,"128"
245880,"248583"
245880,"248124"
245880,"245574"
245886,"282"
245889,"254"
245889,"248085"
245891,"29081"
245891,"107"
245891,"151"
245891,"94"
245891,"171879"
245892,"246509"
245892,"475"
245892,"245960"
245892,"279"
245892,"758"
245908,"171836"
245916,"155"
245916,"245549"
245916,"245720"
245917,"246424"
245917,"247516"
245917,"248514"
245917,"246990"
245917,"641"
245919,"450"
245919,"247471"
245919,"246093"
245921,"247413"
245921,"245727"
245925,"248448"
245925,"246424"
245925,"248545"
245959,"248147"
245959,"247347"
245959,"76"
245959,"246936"
245960,"245078"
245960,"247373"
245960,"246093"
245961,"525"
245961,"659"
245968,"245240"
245968,"246467"
245968,"248251"
245968,"248018"
245970,"29007"
245970,"248581"
245970,"245799"
245974,"245379"
245974,"250"
245974,"246745"
245975,"248217"
245975,"248757"
245975,"247432"
245978,"246926"
245978,"247864"
245978,"245606"
245978,"246466"
245978,"245490"
245984,"28972"
245990,"248398"
245993,"247783"
245993,"515"
245993,"248195"
246004,"246670"
246004,"246466"
246004,"245978"
246004,"248547"
246004,"247152"
246008,"246440"
246008,"245961"
246008,"526"
246008,"393"
246008,"542"
246009,"246860"
246011,"247819"
246015,"248195"
246015,"247142"
246015,"245033"
246015,"29037"
246015,"247783"
246017,"246847"
246017,"247465"
246017,"247081"
246022,"626"
246022,"171895"
246022,"247511"
246024,"171898"
246024,"29020"
246024,"455"
246024,"226"
246024,"189"
246036,"246596"
246042,"445"
246042,"662"
246042,"258"
246044,"247408"
246044,"247159"
246044,"458"
246044,"579"
246044,"393"
246049,"245309"
246049,"246194"
246049,"248595"
246049,"245275"
246054,"248018"
246056,"245001"
246056,"245638"
246056,"244804"
246056,"248522"
246056,"295"
246067,"245747"
246071,"171856"
246078,"253"
246078,"171804"
246078,"779"
246084,"786"
246084,"458"
246084,"245369"
246084,"599"
246084,"248384"
246086,"245672"
246086,"247986"
246086,"578"
246086,"29099"
246092,"676"
246092,"542"
246093,"372"
246093,"247500"
246093,"245314"
246100,"245525"
246100,"247369"
246100,"246440"
246102,"28966"
246103,"417"
246103,"432"
246103,"390"
246103,"705"
246110,"28985"
246111,"29059"
246111,"29079"
246111,"79"
246113,"29056"
246113,"327"
246113,"387"
246114,"244909"
246114,"471"
246114,"247458"
246114,"245916"
246118,"246797"
246118,"246838"
246121,"625"
246121,"246822"
246129,"247319"
246129,"246132"
246129,"245161"
246129,"247490"
246130,"247809"
246130,"246691"
246131,"246011"
246131,"246518"
246131,"244972"
246131,"244963"
246132,"248240"
246132,"246819"
246133,"245641"
246133,"246145"
246133,"247339"
246133,"149"
246139,"246154"
246139,"29017"
246139,"29028"
246141,"245395"
246141,"780"
246141,"245401"
246143,"246540"
246143,"247431"
246143,"435"
246144,"43"
246144,"255"
246144,"207"
246144,"559"
246144,"245088"
246145,"245280"
246145,"246874"
246154,"281"
246165,"247793"
246165,"247658"
246165,"248510"
246170,"644"
246170,"246431"
246179,"248579"
246179,"246283"
246181,"220"
246181,"248335"
246185,"313"
246185,"187"
246185,"248352"
246193,"246042"
246193,"541"
246194,"245451"
246194,"245132"
246194,"245517"
246194,"247598"
246194,"245074"
246200,"323"
246201,"248287"
246203,"248215"
246203,"245341"
246204,"245341"
246204,"246659"
246205,"247382"
246205,"155"
246205,"29111"
246205,"244950"
246205,"623"
246211,"245377"
246211,"29089"
246211,"246582"
246212,"246204"
246212,"245346"
246212,"244777"
246212,"246874"
246215,"246359"
246215,"591"
246223,"171824"
246223,"658"
246223,"248476"
246223,"63"
246227,"246170"
246227,"246729"
246227,"248075"
246227,"245245"
246227,"245825"
246231,"227"
246231,"613"
246234,"246841"
246234,"245376"
246234,"245745"
246234,"140"
246237,"232"
246237,"245527"
246241,"415"
246242,"257"
246242,"471"
246242,"29076"
246242,"28966"
246242,"685"
246246,"245157"
246246,"246926"
246257,"246587"
246259,"737"
246259,"246121"
246259,"749"
246266,"736"
246269,"245858"
246273,"248700"
246278,"246643"
246278,"229"
246283,"320"
246283,"246986"
246283,"171805"
246293,"29067"
246293,"57"
246293,"171850"
246293,"171869"
246293,"245959"
246296,"245132"
246296,"247783"
246298,"247976"
246299,"244883"
246299,"782"
246299,"70"
246301,"245280"
246302,"246509"
246302,"246837"
246302,"245684"
246302,"247975"
246303,"248761"
246303,"145"
246303,"576"
246303,"247680"
246303,"246424"
246305,"28949"
246305,"29050"
246305,"28995"
246305,"29091"
246309,"245012"
246309,"248423"
246320,"246841"
246320,"29068"
246320,"28975"
246320,"29029"
246321,"608"
246321,"244932"
246321,"248364"
246321,"245033"
246321,"248595"
246322,"248391"
246322,"177"
246322,"247970"
246323,"246376"
246324,"28937"
246328,"104"
246328,"344"
246328,"508"
246328,"359"
246328,"541"
246330,"247431"
246330,"245371"
246335,"171848"
246338,"673"
246340,"246993"
246341,"246330"
246341,"244849"
246341,"246132"
246343,"248650"
246354,"572"
246354,"525"
246354,"479"
246354,"247984"
246358,"248540"
246358,"246824"
246358,"246953"
246358,"573"
246359,"591"
246359,"247019"
246359,"246036"
246359,"427"
246363,"248217"
246363,"28992"
246363,"247474"
246363,"246110"
246366,"245234"
246366,"247474"
246366,"29061"
246366,"245222"
246366,"245806"
246371,"172"
246371,"245551"
246371,"29089"
246374,"246614"
246374,"317"
246374,"428"
246374,"548"
246374,"318"
246376,"446"
246376,"244881"
246377,"29013"
246377,"597"
246377,"246086"
246377,"246643"
246378,"245451"
246378,"245880"
246379,"246011"
246379,"245172"
246379,"247027"
246380,"28993"
246380,"244909"
246380,"29036"
246380,"29073"
246381,"244852"
246381,"247986"
246381,"246474"
246381,"140"
246381,"246299"
246388,"29014"
246388,"29002"
246388,"28916"
246388,"557"
246394,"247787"
246394,"248477"
246394,"245354"
246394,"246848"
246399,"398"
246399,"269"
246399,"444"
246413,"94"
246415,"246565"
246415,"248051"
246415,"245749"
246415,"247143"
246416,"171827"
246423,"245064"
246423,"780"
246423,"171"
246423,"631"
246423,"247081"
246424,"246678"
246426,"245402"
246426,"710"
246428,"245275"
246430,"247471"
246430,"244863"
246430,"247108"
246431,"661"
246431,"245354"
246432,"171826"
246432,"29063"
246439,"246246"
246440,"452"
246442,"247009"
246442,"244784"
246442,"247972"
246446,"259"
246446,"244821"
246466,"247523"
246466,"248709"
246466,"245606"
246466,"171814"
246466,"248547"
246467,"245102"
246467,"247356"
246473,"247486"
246474,"247379"
246474,"248681"
246474,"247977"
246474,"28993"
246474,"29076"
246480,"248398"
246480,"565"
246480,"664"
246482,"245611"
246482,"248165"
246484,"245345"
246486,"248415"
246486,"131"
246486,"244788"
246486,"316"
246491,"822"
246491,"171849"
246491,"159"
246491,"39"
246492,"35"
246492,"247190"
246499,"559"
246499,"123"
246499,"626"
246499,"245133"
246502,"293"
246502,"336"
246502,"596"
246502,"171853"
246507,"245413"
246507,"248117"
246507,"246423"
246507,"244784"
246509,"247426"
246510,"245481"
246510,"246912"
246510,"323"
246510,"245045"
246515,"248056"
246515,"246711"
246515,"244988"
246515,"247413"
246518,"245245"
246524,"245379"
246526,"549"
246526,"171858"
246526,"247846"
246530,"248749"
246530,"247876"
246530,"246376"
246530,"246201"
246533,"59"
246533,"247623"
246533,"273"
246533,"681"
246540,"247431"
246540,"327"
246540,"219"
246540,"247319"
246540,"245825"
246547,"246374"
246547,"245722"
246547,"247147"
246549,"246338"
246549,"246722"
246549,"246837"
246549,"248530"
246552,"556"
246552,"354"
246563,"340"
246563,"318"
246563,"514"
246563,"247261"
246565,"708"
246582,"171870"
246582,"29009"
246582,"132"
246587,"630"
246590,"783"
246590,"247019"
246590,"489"
246590,"492"
246590,"694"
246596,"245431"
246596,"468"
246596,"783"
246601,"246413"
246601,"28974"
246601,"58"
246601,"245908"
246601,"110"
246607,"727"
246607,"606"
246607,"225"
246607,"29081"
246607,"171804"
246610,"246693"
246610,"246993"
246610,"246067"
246610,"246822"
246612,"533"
246612,"248408"
246612,"245275"
246612,"247254"
246612,"245880"
246614,"398"
246614,"244829"
246616,"306"
246616,"369"
246616,"736"
246616,"246943"
246616,"707"
246618,"245161"
246618,"29056"
246618,"246693"
246618,"246132"
246619,"245"
246619,"245508"
246625,"245784"
246625,"171875"
246630,"28993"
246630,"248121"
246630,"246366"
246632,"590"
246632,"304"
246632,"665"
246632,"334"
246632,"443"
246637,"247099"
246637,"248713"
246637,"671"
246637,"28970"
246643,"671"
246643,"405"
246643,"28960"
246643,"248628"
246644,"247458"
246644,"248581"
246644,"247986"
246644,"471"
246644,"244906"
246649,"350"
246649,"339"
246649,"245812"
246649,"602"
246657,"28975"
246657,"28920"
246657,"28945"
246657,"28940"
246657,"247547"
246659,"247756"
246659,"171"
246665,"726"
246668,"244804"
246668,"247279"
246668,"246131"
246668,"245371"
246668,"244880"
246670,"248467"
246670,"247672"
246670,"245157"
246671,"246822"
246671,"247485"
246671,"111"
246671,"248069"
246671,"246693"
246672,"787"
246676,"246067"
246676,"708"
246677,"248420"
246677,"247047"
246677,"247972"
246678,"246110"
246678,"29105"
246687,"245080"
246691,"245074"
246691,"245993"
246693,"245765"
246694,"513"
246694,"246480"
246694,"246200"
246694,"372"
246699,"246132"
246699,"246170"
246699,"248051"
246699,"245825"
246699,"631"
246708,"438"
246708,"365"
246708,"627"
246708,"247440"
246708,"246328"
246710,"760"
246710,"245403"
246710,"497"
246711,"247599"
246713,"767"
246713,"247215"
246721,"246616"
246721,"298"
246721,"529"
246722,"673"
246722,"367"
246722,"248530"
246722,"247164"
246723,"403"
246723,"4"
246723,"130"
246723,"29117"
246723,"7"
246724,"29099"
246724,"634"
246724,"246242"
246729,"246283"
246729,"518"
246734,"245"
246740,"246601"
246740,"246298"
246740,"245304"
246741,"765"
246741,"135"
246741,"442"
246741,"481"
246743,"246257"
246743,"129"
246743,"248160"
246743,"244953"
246743,"248442"
246745,"245064"
246745,"248730"
246755,"409"
246770,"29095"
246781,"28"
246781,"248325"
246781,"245304"
246782,"182"
246782,"247421"
246782,"248160"
246783,"246565"
246783,"248395"
246783,"245381"
246783,"245634"
246787,"438"
246787,"246614"
246787,"247802"
246787,"245611"
246787,"350"
246789,"275"
246789,"246875"
246789,"617"
246797,"246301"
246797,"245354"
246797,"245641"
246797,"11"
246804,"28916"
246804,"819"
246804,"827"
246804,"594"
246819,"248579"
246822,"244856"
246822,"246518"
246824,"668"
246824,"246724"
246837,"245892"
246837,"247719"
246838,"246993"
246838,"246227"
246838,"246783"
246838,"246133"
246840,"246084"
246840,"630"
246840,"730"
246840,"42"
246840,"583"
246841,"29114"
246841,"246644"
246841,"244950"
246841,"247580"
246841,"597"
246842,"28997"
246842,"248489"
246842,"29094"
246842,"29100"
246843,"693"
246843,"247685"
246843,"358"
246843,"248352"
246847,"247793"
246847,"248522"
246848,"246330"
246856,"247516"
246858,"759"
246858,"306"
246858,"246722"
246859,"474"
246859,"248591"
246860,"190"
246860,"661"
246860,"247413"
246860,"103"
246860,"248426"
246870,"248442"
246870,"62"
246870,"178"
246870,"246782"
246870,"171853"
246873,"246552"
246873,"541"
246873,"135"
246873,"171823"
246874,"171896"
246874,"245425"
246874,"246204"
246874,"247455"
246874,"248730"
246875,"256"
246875,"247019"
246875,"247369"
246876,"29010"
246876,"29056"
246882,"245401"
246882,"247846"
246890,"244834"
246896,"29010"
246896,"247992"
246896,"245280"
246899,"248621"
246899,"248442"
246899,"596"
246899,"766"
246904,"246590"
246904,"729"
246904,"393"
246904,"596"
246911,"195"
246911,"374"
246911,"248186"
246912,"247356"
246918,"111"
246918,"246113"
246919,"246330"
246919,"245086"
246919,"246133"
246925,"29031"
246926,"246246"
246926,"246670"
246936,"115"
246936,"86"
246936,"29081"
246936,"171838"
246941,"244791"
246941,"245076"
246941,"248551"
246943,"246859"
246943,"524"
246945,"246482"
246945,"660"
246945,"287"
246945,"349"
246945,"248116"
246947,"186"
246947,"589"
246947,"214"
246947,"248147"
246947,"192"
246949,"163"
246949,"245858"
246949,"90"
246950,"245519"
246950,"253"
246950,"245784"
246951,"245658"
246951,"244885"
246953,"246102"
246953,"248555"
246953,"247816"
246972,"28989"
246972,"782"
246979,"247595"
246979,"247279"
246979,"245634"
246979,"784"
246986,"246067"
246986,"245889"
246986,"245825"
246988,"248180"
246989,"246941"
246989,"245481"
246989,"355"
246990,"247680"
246990,"29017"
246992,"426"
246992,"248202"
246992,"247261"
246993,"245974"
246993,"248334"
246993,"247290"
246994,"245314"
246994,"247975"
246994,"246266"
246997,"245695"
246997,"247168"
246997,"246378"
246997,"248331"
246997,"245309"
247000,"246431"
247003,"245392"
247003,"246676"
247003,"661"
247003,"246668"
247003,"631"
247009,"246227"
247009,"246847"
247009,"245568"
247009,"245398"
247014,"452"
247014,"542"
247014,"646"
247014,"715"
247019,"177"
247019,"248677"
247020,"29053"
247020,"222"
247020,"247959"
247020,"364"
247027,"245044"
247027,"248477"
247027,"247785"
247027,"245727"
247027,"247659"
247028,"247047"
247028,"246145"
247034,"248730"
247034,"247992"
247034,"246017"
247041,"248225"
247041,"538"
247041,"248160"
247046,"380"
247046,"459"
247046,"718"
247046,"223"
247047,"246515"
247047,"246283"
247047,"248773"
247053,"247972"
247053,"247388"
247053,"831"
247053,"320"
247056,"711"
247056,"247518"
247056,"248722"
247067,"171896"
247068,"376"
247068,"245367"
247068,"451"
247068,"245272"
247081,"248000"
247081,"622"
247085,"248336"
247085,"202"
247085,"116"
247085,"245880"
247085,"248595"
247089,"171821"
247089,"171864"
247089,"57"
247089,"246492"
247089,"119"
247099,"29114"
247099,"247998"
247099,"248540"
247099,"723"
247099,"246320"
247102,"245684"
247102,"248577"
247102,"245622"
247102,"211"
247102,"191"
247103,"248225"
247103,"244892"
247103,"477"
247103,"703"
247103,"478"
247105,"246130"
247105,"246484"
247105,"248408"
247105,"248583"
247105,"247168"
247108,"367"
247108,"247426"
247108,"245508"
247108,"248600"
247112,"164"
247121,"247272"
247121,"248577"
247121,"248600"
247121,"710"
247139,"88"
247139,"330"
247139,"246071"
247139,"754"
247139,"176"
247142,"146"
247142,"247809"
247142,"116"
247142,"246015"
247142,"537"
247143,"575"
247143,"246340"
247144,"463"
247144,"481"
247144,"762"
247147,"356"
247147,"517"
247152,"248709"
247152,"246439"
247152,"370"
247153,"29050"
247153,"28925"
247153,"28996"
247153,"28939"
247159,"286"
247159,"246899"
247164,"636"
247164,"246616"
247164,"246687"
247164,"246093"
247164,"248018"
247168,"248601"
247168,"171831"
247168,"248084"
247168,"246194"
247170,"537"
247170,"247809"
247170,"245880"
247170,"247085"
247170,"248595"
247173,"393"
247173,"248225"
247173,"774"
247175,"28966"
247183,"248650"
247183,"411"
247183,"258"
247183,"376"
247183,"246632"
247184,"13"
247190,"246936"
247190,"245959"
247190,"119"
247205,"779"
247205,"246492"
247207,"245784"
247207,"157"
247207,"171880"
247207,"127"
247209,"245908"
247215,"244723"
247215,"497"
247215,"664"
247215,"298"
247218,"28930"
247223,"251"
247225,"756"
247227,"244743"
247234,"289"
247234,"306"
247234,"710"
247234,"248153"
247234,"246480"
247241,"264"
247242,"593"
247243,"248607"
247243,"28991"
247243,"506"
247243,"79"
247250,"171823"
247250,"541"
247250,"245636"
247250,"247605"
247250,"49"
247254,"247598"
247255,"247416"
247259,"246896"
247259,"248099"
247259,"246227"
247261,"359"
247261,"245718"
247261,"660"
247261,"652"
247261,"532"
247265,"245086"
247265,"246729"
247272,"335"
247272,"760"
247272,"211"
247279,"246848"
247279,"247413"
247279,"247793"
247288,"370"
247288,"247954"
247288,"247405"
247288,"245759"
247288,"246926"
247290,"248510"
247290,"244819"
247290,"644"
247296,"176"
247296,"225"
247296,"171836"
247296,"232"
247298,"639"
247298,"150"
247298,"774"
247306,"246377"
247306,"29069"
247306,"28960"
247306,"73"
247308,"786"
247308,"247041"
247308,"783"
247319,"171855"
247319,"246283"
247319,"246668"
247319,"244849"
247319,"247779"
247337,"191"
247339,"246797"
247339,"246882"
247344,"151"
247347,"779"
247347,"244810"
247347,"247344"
247347,"246293"
247352,"248540"
247352,"29114"
247352,"247912"
247356,"746"
247356,"248286"
247358,"245092"
247358,"246837"
247358,"248286"
247358,"244729"
247367,"628"
247367,"197"
247367,"560"
247367,"245674"
247367,"820"
247369,"715"
247373,"244741"
247373,"244791"
247373,"474"
247376,"29004"
247376,"782"
247376,"44"
247378,"248613"
247378,"246729"
247378,"246227"
247379,"245060"
247382,"244852"
247388,"248674"
247397,"29095"
247397,"695"
247397,"29114"
247397,"246724"
247397,"28960"
247398,"697"
247398,"248621"
247398,"783"
247398,"248093"
247398,"246100"
247402,"246672"
247402,"595"
247405,"247508"
247405,"246670"
247405,"247672"
247405,"246004"
247408,"247953"
247409,"470"
247409,"247041"
247409,"440"
247413,"246165"
247416,"171814"
247416,"247288"
247416,"245157"
247420,"18"
247420,"131"
247420,"378"
247420,"28962"
247421,"248160"
247421,"542"
247421,"531"
247421,"246"
247421,"617"
247423,"29055"
247423,"28935"
247423,"28972"
247423,"222"
247426,"247500"
247426,"247542"
247426,"247719"
247426,"246266"
247431,"244843"
247431,"622"
247432,"246320"
247432,"248253"
247432,"28976"
247432,"245307"
247440,"469"
247440,"358"
247455,"245371"
247455,"246415"
247455,"248306"
247455,"247378"
247455,"246145"
247458,"245745"
247458,"257"
247458,"245970"
247462,"246837"
247465,"244963"
247465,"823"
247465,"245046"
247465,"725"
247465,"10"
247468,"247367"
247468,"126"
247470,"575"
247470,"831"
247470,"246699"
247470,"254"
247470,"247793"
247471,"246713"
247474,"247382"
247474,"28960"
247474,"244779"
247474,"247580"
247485,"501"
247485,"246143"
247485,"244793"
247486,"248165"
247486,"247144"
247486,"672"
247486,"428"
247490,"248420"
247491,"171"
247491,"245638"
247493,"171820"
247493,"127"
247493,"171804"
247494,"707"
247500,"601"
247500,"456"
247500,"247234"
247500,"245677"
247500,"504"
247503,"248202"
247503,"360"
247503,"245252"
247508,"370"
247508,"247416"
247508,"245606"
247510,"29089"
247510,"244925"
247510,"90"
247510,"120"
247510,"246269"
247511,"180"
247511,"171895"
247511,"245088"
247516,"246234"
247516,"244950"
247516,"28977"
247516,"605"
247517,"29021"
247518,"245656"
247518,"245240"
247518,"247102"
247518,"511"
247518,"686"
247523,"245157"
247524,"246303"
247524,"248545"
247524,"245399"
247534,"28996"
247534,"29050"
247534,"29042"
247534,"28971"
247534,"28952"
247542,"244723"
247542,"246943"
247542,"372"
247542,"244811"
247542,"244786"
247543,"28978"
247547,"171846"
247549,"245046"
247571,"248334"
247580,"28979"
247580,"247986"
247580,"246990"
247584,"188"
247584,"719"
247584,"283"
247584,"246587"
247584,"248406"
247590,"171817"
247590,"245960"
247590,"245684"
247590,"247471"
247593,"269"
247593,"245886"
247593,"245756"
247593,"77"
247595,"247875"
247595,"247992"
247595,"244849"
247596,"247924"
247596,"247143"
247596,"248510"
247596,"247339"
247598,"691"
247598,"245275"
247598,"246612"
247599,"246165"
247599,"245425"
247599,"247778"
247599,"501"
247599,"246677"
247605,"366"
247605,"247979"
247614,"179"
247614,"247783"
247622,"254"
247622,"248606"
247623,"248250"
247624,"248050"
247628,"246200"
247628,"710"
247628,"669"
247628,"246721"
247628,"746"
247636,"247749"
247658,"247003"
247658,"246526"
247658,"247028"
247658,"244885"
247659,"245172"
247659,"245395"
247659,"248180"
247659,"248035"
247669,"244931"
247669,"248251"
247672,"247523"
247672,"246466"
247679,"246724"
247679,"245347"
247679,"29069"
247680,"245732"
247680,"28985"
247680,"246139"
247685,"454"
247685,"223"
247685,"627"
247685,"505"
247685,"161"
247698,"270"
247698,"499"
247698,"707"
247698,"245684"
247714,"246340"
247714,"246526"
247714,"246618"
247715,"785"
247715,"523"
247719,"246200"
247719,"247590"
247727,"675"
247727,"108"
247727,"29017"
247730,"722"
247730,"634"
247730,"248217"
247730,"246381"
247743,"630"
247747,"246533"
247747,"745"
247747,"248250"
247748,"245886"
247748,"400"
247748,"246103"
247748,"356"
247748,"135"
247749,"225"
247749,"247976"
247749,"35"
247749,"244925"
247749,"171820"
247750,"248581"
247750,"248439"
247750,"247986"
247750,"245732"
247756,"248047"
247756,"248510"
247756,"248180"
247756,"247549"
247763,"248607"
247763,"29109"
247763,"692"
247763,"245831"
247772,"831"
247775,"29049"
247775,"29033"
247778,"245280"
247778,"244885"
247779,"246677"
247779,"248732"
247779,"247279"
247779,"246699"
247783,"202"
247783,"245723"
247783,"245577"
247783,"246612"
247785,"244942"
247785,"248419"
247787,"171805"
247787,"245046"
247787,"327"
247787,"246711"
247787,"831"
247793,"245395"
247793,"248426"
247793,"248773"
247796,"585"
247802,"609"
247802,"781"
247802,"245722"
247802,"248339"
247802,"301"
247805,"246181"
247805,"267"
247805,"248650"
247809,"246296"
247809,"128"
247809,"247836"
247809,"545"
247816,"29119"
247816,"246953"
247819,"247658"
247829,"229"
247829,"248448"
247829,"246637"
247831,"247405"
247831,"247672"
247831,"248467"
247831,"467"
247832,"28950"
247832,"247816"
247832,"319"
247836,"246321"
247836,"241"
247836,"533"
247837,"171808"
247837,"245058"
247837,"171841"
247837,"171848"
247837,"171816"
247846,"446"
247846,"248240"
247856,"122"
247856,"246293"
247857,"29107"
247857,"28989"
247864,"246439"
247865,"248287"
247865,"247491"
247865,"171805"
247865,"247599"
247866,"28977"
247866,"171839"
247866,"29095"
247875,"247053"
247875,"245485"
247875,"247003"
247875,"246017"
247875,"212"
247876,"244881"
247876,"245354"
247876,"248426"
247876,"247924"
247876,"248419"
247878,"705"
247878,"51"
247878,"247981"
247878,"317"
247878,"246665"
247881,"142"
247889,"247227"
247889,"246918"
247889,"248522"
247889,"149"
247889,"246170"
247904,"245402"
247904,"248251"
247904,"246054"
247906,"732"
247906,"248500"
247906,"779"
247908,"247846"
247908,"245392"
247908,"245653"
247908,"246526"
247908,"246376"
247909,"393"
247909,"719"
247909,"246587"
247909,"113"
247912,"687"
247912,"247829"
247912,"247306"
247918,"214"
247918,"171824"
247924,"246876"
247924,"246179"
247926,"287"
247941,"245451"
247941,"608"
247952,"248084"
247952,"244855"
247952,"247783"
247952,"245517"
247952,"247809"
247953,"712"
247953,"425"
247953,"586"
247954,"467"
247954,"247508"
247954,"247416"
247956,"247941"
247956,"244855"
247956,"248124"
247956,"244768"
247956,"246997"
247959,"29082"
247959,"28935"
247959,"29088"
247959,"28931"
247967,"245532"
247967,"245425"
247967,"575"
247967,"446"
247967,"245559"
247969,"248035"
247970,"477"
247970,"712"
247970,"393"
247972,"247279"
247972,"784"
247975,"760"
247975,"246859"
247975,"247234"
247975,"270"
247976,"171830"
247976,"28968"
247976,"163"
247976,"183"
247976,"165"
247977,"28966"
247977,"723"
247977,"247866"
247977,"140"
247977,"247832"
247979,"681"
247979,"585"
247979,"422"
247981,"245722"
247983,"427"
247983,"244834"
247983,"247019"
247983,"246587"
247984,"694"
247984,"774"
247984,"245663"
247984,"246840"
247986,"244840"
247986,"319"
247986,"246841"
247986,"162"
247986,"405"
247992,"171896"
247992,"248520"
247993,"247543"
247993,"248544"
247997,"599"
247997,"55"
247998,"29061"
247998,"471"
247998,"773"
247998,"247829"
248000,"248051"
248000,"244843"
248000,"247624"
248000,"245012"
248004,"99"
248004,"244"
248004,"171840"
248004,"246947"
248018,"248591"
248018,"473"
248018,"245892"
248018,"632"
248018,"474"
248025,"250"
248025,"247027"
248025,"248730"
248028,"248540"
248028,"246278"
248028,"248322"
248028,"247730"
248028,"29045"
248029,"247975"
248029,"246710"
248029,"247121"
248035,"246017"
248035,"246822"
248035,"246118"
248035,"245727"
248035,"246919"
248047,"246711"
248047,"247778"
248047,"247081"
248048,"248251"
248049,"496"
248049,"246552"
248049,"302"
248049,"59"
248049,"246328"
248050,"784"
248050,"245035"
248050,"245452"
248050,"244963"
248050,"248704"
248051,"644"
248051,"780"
248051,"246848"
248051,"245044"
248051,"247491"
248056,"245346"
248056,"246259"
248056,"245485"
248056,"246121"
248065,"248194"
248065,"127"
248068,"246843"
248068,"311"
248068,"781"
248068,"247183"
248068,"247685"
248069,"780"
248069,"212"
248070,"97"
248075,"247047"
248075,"247053"
248075,"575"
248084,"245309"
248084,"248513"
248084,"246997"
248085,"575"
248085,"248051"
248085,"246067"
248085,"247047"
248093,"171886"
248093,"246502"
248097,"250"
248097,"247778"
248099,"247339"
248099,"246143"
248099,"549"
248099,"631"
248116,"344"
248116,"171867"
248116,"507"
248116,"677"
248117,"247465"
248117,"250"
248117,"246129"
248117,"247279"
248117,"149"
248121,"29098"
248121,"245720"
248123,"409"
248123,"245369"
248123,"461"
248124,"245880"
248124,"246446"
248124,"247598"
248147,"201"
248153,"430"
248153,"171817"
248156,"246840"
248156,"150"
248156,"247409"
248156,"572"
248156,"246092"
248160,"676"
248160,"477"
248160,"248536"
248160,"657"
248160,"171873"
248162,"415"
248162,"246042"
248162,"160"
248162,"246665"
248162,"101"
248165,"246708"
248165,"288"
248165,"463"
248165,"388"
248165,"508"
248175,"246782"
248180,"246860"
248180,"246819"
248186,"657"
248186,"246215"
248186,"697"
248194,"246071"
248194,"246781"
248194,"99"
248194,"83"
248195,"247168"
248202,"530"
248208,"245054"
248208,"677"
248208,"199"
248209,"29117"
248209,"830"
248209,"224"
248210,"247685"
248210,"500"
248210,"247225"
248210,"59"
248210,"718"
248211,"29091"
248211,"28988"
248211,"246305"
248211,"29100"
248211,"555"
248215,"103"
248215,"248441"
248215,"244777"
248215,"246283"
248217,"245618"
248217,"171884"
248217,"246643"
248217,"246990"
248225,"698"
248225,"74"
248225,"694"
248225,"246257"
248228,"277"
248228,"245240"
248228,"760"
248229,"229"
248229,"245917"
248238,"245307"
248238,"709"
248238,"248703"
248238,"247857"
248240,"247034"
248242,"307"
248242,"262"
248250,"247981"
248250,"590"
248250,"199"
248251,"171817"
248253,"247912"
248266,"515"
248286,"246509"
248286,"247975"
248286,"247500"
248287,"245395"
248291,"248121"
248291,"171846"
248300,"247977"
248306,"247595"
248306,"247028"
248308,"246860"
248322,"29107"
248322,"247857"
248322,"247099"
248325,"171808"
248331,"247941"
248331,"246130"
248331,"246428"
248334,"245425"
248335,"245773"
248335,"77"
248335,"194"
248335,"365"
248336,"691"
248339,"772"
248345,"246231"
248345,"245651"
248345,"771"
248345,"29096"
248345,"29035"
248352,"454"
248352,"296"
248352,"486"
248352,"602"
248364,"246194"
248364,"246049"
248384,"246036"
248384,"386"
248384,"729"
248384,"453"
248385,"672"
248385,"247747"
248385,"248534"
248385,"326"
248391,"248442"
248395,"245379"
248395,"246659"
248398,"341"
248398,"529"
248403,"245304"
248403,"172"
248406,"550"
248406,"729"
248406,"247421"
248408,"245574"
248408,"247783"
248408,"248583"
248409,"248419"
248409,"245395"
248409,"245641"
248409,"247889"
248415,"714"
248415,"667"
248415,"329"
248415,"584"
248416,"247378"
248416,"245280"
248419,"248730"
248419,"245783"
248420,"246431"
248423,"248674"
248423,"708"
248423,"245731"
248423,"580"
248423,"246693"
248426,"248334"
248426,"248035"
248426,"246524"
248434,"536"
248434,"245193"
248434,"466"
248434,"20"
248434,"245651"
248439,"576"
248439,"28992"
248439,"753"
248439,"28960"
248439,"709"
248441,"247571"
248441,"245371"
248442,"246890"
248442,"246904"
248442,"299"
248442,"461"
248448,"29028"
248448,"29080"
248451,"245278"
248451,"244855"
248451,"248491"
248451,"248364"
248451,"171831"
248454,"248749"
248454,"725"
248454,"331"
248455,"246242"
248455,"29068"
248455,"245917"
248455,"563"
248455,"28945"
248462,"171840"
248462,"245266"
248462,"247296"
248467,"245759"
248467,"467"
248474,"244981"
248474,"544"
248474,"247159"
248474,"698"
248474,"178"
248476,"247344"
248476,"106"
248476,"247209"
248476,"245519"
248477,"246797"
248477,"248287"
248477,"245615"
248484,"28941"
248484,"28948"
248484,"28937"
248484,"29039"
248484,"28997"
248489,"28955"
248489,"29049"
248489,"29113"
248491,"691"
248491,"245723"
248491,"248266"
248491,"171831"
248491,"246194"
248500,"768"
248500,"47"
248500,"246269"
248500,"247139"
248500,"245551"
248510,"246518"
248510,"247184"
248510,"247924"
248510,"247413"
248510,"749"
248513,"650"
248514,"28924"
248514,"244898"
248518,"273"
248520,"248069"
248522,"246526"
248522,"246518"
248522,"244747"
248530,"689"
248530,"551"
248530,"245677"
248530,"736"
248532,"247486"
248532,"482"
248532,"400"
248532,"245367"
248534,"245718"
248534,"247926"
248534,"679"
248534,"486"
248534,"665"
248535,"619"
248535,"552"
248535,"413"
248536,"246440"
248540,"70"
248540,"171839"
248544,"505"
248544,"326"
248544,"603"
248544,"247993"
248544,"486"
248545,"634"
248545,"597"
248545,"247998"
248545,"248751"
248547,"247864"
248549,"394"
248549,"570"
248549,"246231"
248549,"28962"
248549,"536"
248551,"246941"
248551,"247272"
248555,"817"
248555,"28993"
248555,"28927"
248555,"246990"
248561,"248416"
248576,"326"
248576,"772"
248576,"245499"
248577,"246616"
248579,"247659"
248579,"245397"
248579,"246524"
248581,"247727"
248583,"248451"
248583,"248084"
248587,"576"
248587,"247816"
248587,"244883"
248587,"246630"
248591,"248286"
248595,"248408"
248595,"248601"
248600,"245968"
248600,"245684"
248600,"244791"
248601,"248595"
248606,"246143"
248606,"245012"
248606,"246711"
248606,"244881"
248606,"246379"
248607,"29108"
248607,"246804"
248607,"245831"
248610,"723"
248610,"29007"
248610,"29030"
248613,"246379"
248613,"245487"
248615,"244788"
248615,"540"
248615,"654"
248615,"261"
248621,"483"
248624,"100"
248624,"246144"
248628,"29048"
248628,"573"
248628,"244883"
248628,"29069"
248628,"244852"
248642,"28920"
248642,"28985"
248642,"248121"
248642,"246643"
248642,"28970"
248650,"377"
248650,"245611"
248666,"28918"
248673,"246693"
248673,"246882"
248674,"247491"
248674,"521"
248674,"245653"
248674,"248085"
248677,"719"
248677,"577"
248677,"247041"
248677,"248442"
248677,"247408"
248681,"245549"
248700,"247020"
248700,"29059"
248700,"245831"
248703,"29032"
248703,"782"
248703,"245347"
248703,"245720"
248703,"28992"
248704,"246882"
248705,"247102"
248705,"499"
248705,"767"
248705,"244905"
248705,"298"
248709,"245759"
248713,"29069"
248721,"247518"
248721,"341"
248721,"248029"
248721,"474"
248721,"246721"
248722,"247215"
248730,"245658"
248732,"247465"
248732,"580"
248741,"247756"
248741,"247865"
248741,"248522"
248741,"246376"
248748,"245891"
248748,"26"
248749,"246118"
248749,"245783"
248749,"246431"
248749,"246993"
248751,"245128"
248751,"671"
248754,"587"
248754,"247352"
248754,"245307"
248754,"281"
248754,"709"
248757,"248229"
248757,"685"
248757,"709"
248757,"29030"
248757,"28975"
248760,"533"
248760,"245345"
248760,"248084"
248761,"245128"
248761,"245009"
248761,"246205"
248763,"464"
248763,"139"
248763,"122"
248763,"246078"
248765,"246530"
248765,"247003"
248765,"245749"
248768,"345"
248768,"317"
248768,"247046"
248768,"247805"
248773,"248069"
248773,"171"
248773,"246699"
248773,"245974"
